Company name,Phone number,website (Homepage),Location,Company type,Company Description by Thomasnet,Company Description by the company,Linkedin URL,Annual Sales:,No of Employees:,MANUFACTURING SERVICES,ALL PRODUCTS / SERVICES
"Columbia Weather Systems, Inc.",866-625-8620,https://columbiaweather.com,"Hillsboro, OR 97124-7135",Manufacturer,"Manufacturer of weather stations for fixed-mount, portable, and vehicle-mount installations for industry and government agencies worldwide. Model options include all-in-one and modular sensor configurations. Monitoring options include software, stand-alone display console, and/or Weather MicroServer for Internet-ready weather data and industrial protocols. Technical support available.","Columbia Weather Systems: Our professional weather stations offer immediate weather data for operational decisions.

 Sensor selection, both all-in-one and modular systems available.

 Monitoring options: software, stand-alone touchscreen display, Internet, PLC, industrial protocols.

 Fixed-mount, portable, vehicle-mount configurations.

 Priced in the $3,000 to $10,000 range.

 Small business with personal service and great customer support.",www.linkedin.com/company/columbia-weather-systems-inc-/,$1 - 4.9 Mil,1-9  Employees,"Barometers: Digital


Barometers","All Products / Services

Stations
Instruments
Anemometers
Barometers
Fire Fighting Equipment
Forestry Equipment
Gages
Geophysical Equipment
Hygrometers
Indicators
Measuring Equipment


Meters
Monitoring Systems
Monitors
Oil and Gas Field Equipment
Other Fire Fighting Equipment
Recorders
Sensors / Detectors / Transducers
Thermometers
Tripods
Velocimeters
Wildfire Response"
Kestrel Instruments,800-784-4221,https://kestrelinstruments.com/,"Boothwyn, PA 19061",Manufacturer,"Manufacturer of environmental measuring devices, including weather meters, data loggers, heat stress monitors, and trackers. Select products can measure up to 20 different meteorological parameters, including temperature, wind speed, fire, agricultural, and racing weather, heat index, dew point, pressure, altitude, and humidity. Products are drop, dust, and waterproof and can withstand harsh-environments. Compatible with smart phones and USB-wired products. Suitable for agricultural, ballistics, firefighting, heat stress management, hunting, fishing, industrial, military, research, outdoor recreation, and meteorological applications.","At Kestrel we've been researching, designing, manufacturing and distributing our weather & environmental meters for more than 20 years. Our team of experts and engineers are determined to make the most accurate and reliable handheld weather devices available. We are continuously dedicated to researching ways to improve the Kestrel line and create new products to meet our customers' needs.

Every single Kestrel Weather & Environmental Meter is calibrated for every single value, either directly against NIST-traceable standards or against an intermediary standard calibrated daily. Every unit is shipped with a FREE Certificate of Conformity that states what calibrations were performed, and the certified performance specifications. What does that mean for you? You can be absolutely sure that your weather readings are accurate to the stated specifications. Some competing weather instruments claim the same specifications as Kestrel, but only Kestrel certifies their accuracy. For an additional charge, More... we can even provide a NIST-traceable Certificate of Calibration that specifies exactly which values were measured in each multi-point calibration, and details the calibrated standard used for testing. Our 30-day satisfaction guarantee covers accuracy concerns as well, so if you question your unit's accuracy after purchase we will double-check every calibration to verify the unit meets specifications. Less",,$10 - 24.9 Mil,50-99  Employees,"Barometers: Digital


Barometers","All Products / Services

Agricultural Equipment
Anemometers
Barometers
Chronographs
Cold Chain Equipment
COVID-19 Response
Data Collection Systems
Data Loggers
Fire Fighting Electronics
Fire Fighting Equipment
Fire Protection Products
Gages
Hygrometers
Indicators


Instruments
Law Enforcement Equipment
Measuring Equipment
Medical Personal Protective Equipment (PPE)
Meters
Military Equipment
Monitoring Systems
Monitors
Recorders
Reticles
Scopes
Sensors / Detectors / Transducers
Shielding
Sports Equipment

View all products / services offered"
"GENEQ, Inc.",800-463-4363,https://geneq.com/en,"Montreal, QC H1J1S5",Distributor,"Manufacturer and distributor of testing & measuring equipment. Various products include adapters, amplifiers, alarms, altimeters, analyzers, augers, autoclaves, antennas, bags, balances, barometers, beads, beakers, binoculars, bins, blades, blotters, boilers, bottles, brushes, brackets, burets, burners, cabinets, calipers, cameras, calibrators, catheters, centrifuges, clocks, channels, circulators, chambers, counters, controls, crushers, computers and desiccators. Detectors, drills, dewars, dredges, dividers, electrodes, encoders, evaporators, extractors, flashlights, flumes, gages, furnaces, freezers, grinders, gloves, heaters, hygrothermographs, illuminators, meters, monitors, mixers, ovens, pumps, recorders, samplers, sensors and transmitters are also available.",,,$5 - 9.9 Mil,10-49  Employees,"Barometers: Digital


Barometers","All Products / Services

Adapters
Aids
Alarms
Aligners
Altimeters
Ammeters
Amplifiers
Analyzers
Anemometers
Anesthesia Equipment
Antennas
Applicators
Aquaculture Equipment
Augers


Autoclaves
Bags
Bailers
Balances
Balloons
Barometers
Baths
Beads
Beakers
Beds
Benches
Binoculars
Bins
Biofeedback Equipment

View all products / services offered"
"Apex Instruments, Inc.",800-882-3214,https://www.apexinst.com/,"Fuquay Varina, NC 27526",Manufacturer,"Manufacturer & distributor of emission measurement sampling equipment & supplies. Various products include analyzers, probes, filter assemblies, pre-filters, sample lines, controllers, condensers, flow drawers, dilution panels, meters, flanges, packing glands, gages, velocity loggers, regulators, simulators, jacks, thermocouples, wire, monitors, detectors, sensors, automated systems, consoles, traps, cases, glassware, umbilicals, calculators, spreadsheets, nozzles, boxes & cables. Adapters, conditioners, balls, blankets, bushings, cabinets, brushes, caps, cartridges, clips, coolers, cutters, ferrules, flasks, grease, hooks, heaters, monorails, nuts, oils, ovens, plugs, software, shields, sheaths, trays & trolleys are also available. Capabilities include calibration, on-site repair & support, training & system integration. Various industries served include combustion, incineration, metals, mineral, chemical & food.","Apex Instruments, Inc. designs, manufactures and distributes world-wide a large variety of source sampling equipment for measuring emissions from smoke stacks and industrial combustion sources according to US EPA guidelines. As new environmental requirements and technology are developed, Apex Instruments is in the forefront of prototype construction and field testing of both the equipment and the test methods. An example is the Apex Instruments XC-6000EPC Automated Mercury Sorbent Trap Sampling System developed by Apex Instruments and tested by government agencies, universities and power plants. The Apex MercSampler is fast becoming the industry standard for sampling mercury from coal-fired generators.",,$1 - 4.9 Mil,10-49  Employees,"Barometers: Digital


Barometers","All Products / Services

Adapters
Altimeters
Analyzers
Anemometers
Bags
Balls
Barometers
Blankets
Bottles
Boxes
Brackets
Brushes
Burets
Bushings


Cabinets
Calculators
Calibration Services
Calibrators
Caps
Cartridges
Cases
Clamps
Clips
Computers
Condensers (Heat Transfer)
Conditioners
Connectors
Consoles

View all products / services offered"
Aquatech Scientific Instruments LLC,267-573-4050,http://www.digitalbarograph.com,"Yardley, PA 19067",Manufacturer,"Manufacturer of weather alert instrument and barograph barometer. Colors available are blue, red and green. Applications include meteorology, marine world, research, mining industry, oil platforms and refineries, laboratories, medical and health related fields.",,,Under $1 Mil,1-9  Employees,"Barometers: Digital


Barometers","All Products / Services

Barometers


Instruments"
"Vaisala, Inc.",877-824-7252,https://www.vaisala.com/en,"Woburn, MA 01801 | Locations",Manufacturer,"Manufacturer of industrial measurement & control instruments for humidity, dewpoint, carbon dioxide, oxygen, moisture in oil, barometric pressure, wind speed & direction. Instruments include fixed mount transmitters, hand-held meters & OEM modules, NIST traceable & intrinsically safe. Applications & industries served include HVAC, life sciences, automotive, building automation, biotechnology & food processing. A2LA ISO/IEC17025 certified lab.",,,$250 Mil. and over,1000+  Employees,"Barometers: Digital


Barometers","All Products / Services

Airport Equipment
Analyzers
Anemometers
Barometers
Calibration Services
Calibrators
Consulting Services
Controls and Controllers
Fire Fighting Electronics
Gages
Hydrometers
Hygrometers
Indicators
Instruments


Meters
Monitors
Probes
Recorders
Regulators
Sensors / Detectors / Transducers
Stations
Testers
Thermographs
Thermometers
Transmitters
Vanes
Warning Systems
Wildfire Response"
Weather Scientific,866-223-5699,https://www.weatherscientific.com/,"Sheridan, WY 82801",Manufacturer,"Distributor of weather and marine instruments for commercial sectors. Weather stations, barometers, compasses, rain gauges and sensors are offered. Thermometers, detectors, navigation calculators and alarm or tide clocks are also available. Suitable for indoor and outdoor temperature, wind speed, humidity, atmospheric pressure and rainfall amount measuring applications.",,,Not Available,Not Available  Employees,"Barometers: Digital


Barometers","All Products / Services

Barometers
Calculators
Clocks
Compasses
Gages


Instruments
Recorders
Sensors / Detectors / Transducers
Stations
Thermometers"
"Scientific Sales, Inc.",800-788-5666,https://www.scientificsales.com/Default.asp,"Lawrenceville, NJ 08648",Distributor,"Factory authorized supplier of weather stations and meteorological instruments. Providing industrial grade and consumer weather instruments to industrial customers, emergency response organizations, universities, the National Weather Service, and various government agencies around the world. In addition to weather station, offers a line of weather instruments including anemometers, barometers, thermometers, rain gauges, weather radios, lightning detectors, wind alarms, and weather balloons. Represents manufacturers of weather instruments and weather stations around the world. Researches current technological weather equipment.",,,$5 - 9.9 Mil,1-9  Employees,"Barometers: Digital


Barometers","All Products / Services

Adapters
Airport Equipment
Alarms
Altimeters
Analyzers
Anemometers
Antennas
Balloons
Barometers
Bladders
Brackets
Charts
Clamps
Cleanrooms


Cold Chain Equipment
Computer Peripherals
Computer Room Equipment
Cones
Consoles
Consulting Services
Controls and Controllers
COVID-19 Response
Data Acquisition Systems
Data Loggers
Dials
Disaster Preparedness Supplies
Displays
Engineering Services

View all products / services offered"
Mensor Corp.,800-984-4200,https://www.mensor.com/,"San Marcos, TX 78666",Manufacturer,"ISO/IEC 17025:2005 certified manufacturer & designer of pressure measuring, pressure calibration & pressure controlling instruments & test systems for the precision pressure instrumentation & calibration market. Products include digital pressure gauges, digital barometers, digital pressure transducers, automated pressure controllers/calibrators, deadweight testers, air data test sets, transmitters, sensors, indicators & controllers. Applications include engineering & test labs, metrology labs, calibration labs, research facilities & production & manufacturing areas. Meets ANSI/NCSL Z540-1-1994 standards.",,,$10 - 24.9 Mil,50-99  Employees,"Barometers: Digital


Barometers","All Products / Services

Barometers
Calibration Services
Calibrators
Controls and Controllers
Gages
Ground Support Equipment


Indicators
Instruments
Measuring Equipment
Sensors / Detectors / Transducers
Testers
Transmitters"
Climatronics Corporation,631-567-7300,http://www.climatronics.com,"Bohemia, NY 11716",Manufacturer,"ISO 9001:2000 certified manufacturer of weather monitoring instruments & systems. Products available include anemometers, analog & digital barometers, temperature sensors, data logging & acquisition systems, & weather stations including portable, aviation, hazmat, & rapid response models. Services available include machine calibration, factory & on-site repair, custom software programming, field installation, training, & maintenance. Spare parts & test fixtures also available. Serving the military, security, aviation, water management, & environmental protection industries.",,,$10 - 24.9 Mil,100-199  Employees,"Barometers: Digital


Barometers","All Products / Services

Anemometers
Barometers
Cold Chain Equipment
Data Acquisition Systems
Data Loggers
Fire Fighting Electronics


Instruments
Sensors / Detectors / Transducers
Stations
Telemetry Systems
Vaccine Cold Chain Supplies and Logistics
Wildfire Response"
"Tech Instrumentation, Inc.",800-390-0004,https://techinstrument.com/,"Elizabeth, CO 80107",Distributor,"Distributor of thermometers including bi-metal, infrared, pocket, panel & wall mount, precision, thermocouple, thermistor & solar powered thermometers. Anemometers, clamps, circuit & electrical testers, multimeters, replacement batteries, barometers, hygrometers, timers, moisture meters, scales, wireless sensors, inspection mirrors & accessories are also available. Custom manufacturer of thermocouple, thermistor & RTD probes. Capabilities include repairing, custom modification, private labeling, custom imprinting, calibration & certification. Industries served include food, HVAC, petrochemical, education, screen printing & pharmaceutical.",,,Under $1 Mil,1-9  Employees,"Barometers: Digital


Barometers","All Products / Services

Anemometers
Barometers
Brackets
Calibration Services
Clamps
Cold Chain Equipment
COVID-19 Response
Data Loggers
Electric Wire, Cable and Cable Assemblies
Eliminators
Fire Fighting Electronics
Holsters
Hygrometers
Instruments


Janitorial Supplies
Leads
Maintenance and Repair Services
Medical Products and Hospital Equipment
Meters
Mirrors
Monitors
Multimeters
Printing and Marking Services
Probes
Recorders
Scales
Sensors / Detectors / Transducers
Stations

View all products / services offered"
Warren-Knight Instrument Co.,215-464-9300,https://warrenknight.com/,"Philadelphia, PA 19116-3019",Manufacturer,"Veteran-owned small business. ANSI/NCSL Z540 certified and ITAR registered. Manufacturer of instruments, including: clinometers, theodolites, quadrants, levels, vials, protractors, tilt sensors, angle measuring sensors & shipboard alignment systems. Theodolite instruments include: tracking theodolites, pilot balloon theodolites, observation theodolites, vertical transits, digital azimuth devices, automatic tracking systems, telemetering theodolites & theodolite data recording systems. Optical instruments include: telescopes, micrometers, collimating eyepieces, optical micrometers & alignment collimators. Meteorology instruments include: sight clinometers, ceiling light projectors & observation theodolites. Applications include surveying, metrology, meteorology, military products & navigation. Custom instrumentation & design available.","At Warren-Knight, we help you to achieve the most reliable and dependable accuracy in the market today. 

W-K provides optical and electronic alignment systems, angle measuring, distance measuring, and leveling capabilities that are reliable and accurate throughout the world. We continue to manufacture quality precision instruments for aerospace, engineering, meteorological, metrological, nautical and surveying applications that meet our customers needs.

With over 100 years of precision instrument manufacturing, Warren-Knight has continued to lead the world as a precision instruments and alignment systems manufacturer. By continually expanding our capabilities and upgrading our facility, we continue to maintain the level of excellence and technological sophistication you have come to expect from an industry leader.",www.linkedin.com/company/warren-knight-instrument-co-,$1 - 4.9 Mil,10-49  Employees,"Barometers: Digital


Barometers","All Products / Services

Adapters
Aids
Aiming Systems
Aircraft Parts
Airport Equipment
Aligners
Alignment Services
Altimeters
Aluminum
Analyzers
Anemometers
Antennas
Arbors
Arrays


Assemblies
Assembly Machinery
Augers
Autocollimators
Automation Systems
Avionics
Balancers
Balances
Balancing Services
Balloons
Balls
Barometers
Bases
Batteries

View all products / services offered"
Control Company,281-482-1714,https://www.traceable.com,"Friendswood, TX 77546 | Locations",Manufacturer,"Manufacturer & designer of scientific equipment for food, pharmaceutical, petroleum, metal and chemical labs. Traceable® Instruments: timers, stopwatches, conductivity standards, humidity meters, thermometers, barometers, pumps, tachometers, controllers, moisture meters, light meters, anemometers, sound meters and calipers. Instruments are supplied with a Traceable® Calibration Certificate, traceable to NIST. Calibration complies with ISO/IEC 17025 requirements and is A2LA accredited. Traceable® Certificates are recognized in 75 countries through A2LAs participation in ILAC-MRA. Control Company is an ISO34, A2LA Accredited Certified Reference Material Producer",,,$10 - 24.9 Mil,10-49  Employees,"Barometers: Digital


Barometers","All Products / Services

Alarms
Aluminum
Anemometers
Barometers
Bottles
Calipers
Clamps
Clocks
Controls and Controllers
Counters
COVID-19 Response
Data Acquisition Systems
Desiccators
Files


Fire Fighting Electronics
Gages
Holders
Hygrometers
Indicators
Janitorial Supplies
Lasers
Lights
Magnifiers
Medical Products and Hospital Equipment
Meters
Microscopes
Multimeters
Pens

View all products / services offered"
Capitol Scientific,800-580-1167,https://www.capitolscientific.com/,"Austin, TX 78758",Distributor,"Distributor of laboratory equipment and supplies. Products include reagent chemicals, photolithography materials, lab balances and scales, circulating water baths, lab glassware, centrifuges and microcentrifuges, pH meters, conductivity meters, hydrometers, desiccators, drying cabinets, lab furnaces, hot plates, hydrometers, incubators, magnetic stirrers, microscopes, lab ovens, DO Meters, petroleum testing equipment, vacuum pumps, refractometers, lab refrigerators and freezers, shakers, lab rockers, lab mixers, spectrophotometers, rotary evaporators, thermal cyclers, PCR equipment, timers, titrators, viscometers, water purification equipment, ampules, beakers, cell culture, chromatography supplies, lab detergents, graduated cylinders, dishes, distillation apparatus and glassware, electrophoresis equipment, extractors, filter paper, flasks, funnels, microbiology supplies, microplates, pH test strips, pipettes, samplers, syringe filters, rubber stoppers, test papers and strips, thermometers, test tubes & culture tubes, vials and water and wastewater test equipment. Vendor management inventory programs available for same-day shipping.","Capitol Scientific is excited to be celebrating our 50th Anniversary this year! 

We've made it 50 years for one reason: our customers. Our customers are our top priority and it shows in our service. The customer service team at Capitol Scientific is second to none and is happy to answer any questions you may have. 

Capitol Scientific is proud to be an authorized distributor for many well-known brands including: JT Baker, EMD Milipore, 3M, Corning, Nalgene, Whatman, Wheaton and over 300 more! 

Let us provide you with a quote - we'll beat your current pricing or find you a better quality product at a great price!",www.linkedin.com/company/capitol-scientific,$1 - 4.9 Mil,10-49  Employees,"Barometers: Digital


Barometers","All Products / Services

Adapters
Adhesives
Agents
Aggregates
Aluminum
Ampules
Analyzers
Anemometers
Aprons
Aspirators
Autoclaves
Bags
Balances
Ballasts


Barometers
Baskets
Baths
Batteries
Beads
Beakers
Bell Jars
Bells
Belts
Bins
Bits
Blades
Blankets
Boards

View all products / services offered"
"Omegadyne, Inc.",800-872-3963,http://www.omega.com/,"Stamford, CT 06907 | Locations",Manufacturer,"Manufacturer Of Stock & Custom Force Load, Pressure & Torque Transducers/Transmitters - Ultra High Stability Sputtered Strain Gage & Semi-Conductor Technology For Aerospace Onboard - Bonded Strain Gage Technology For Industrial Process Control, Oil & Gas Applications- Cryogenic & High Temperature Transducers - Liquid Level & Differential Pressure Measurement 10"" h20 To 200,000 psi - Load Ranges From 50 Grams To 3 Million Lbs. - NIST Calibration Services - CSA/FM Approved Intrinsically Safe, FM Hazardous Locations, MSHA Approved",,,Not Available,50-99  Employees,"Barometers: Digital


Barometers","All Products / Services

Activators
Alarms
Analyzers
Anemometers
Barometers
Bridges
Calibration Services
Cells
Controls and Controllers
Indicators
Instruments
Loads


Measuring Equipment
Meters
Monitors
Readout Systems
Resistors
Scales
Sensors / Detectors / Transducers
Signals
Switches
Testers
Transmitters"
"Maximum, Inc.",508-995-2200,https://www.maximum-inc.com/,"New Bedford, MA 02745 | Locations",Manufacturer,"Manufacturer of wind sensors, weather instruments & weather stations for both commercial & consumer applications. Weather sensors are suitable for wind speed & direction instruments, wind meters, outdoor temperature & rainfall measuring equipment. Instruments & stations are available with analog & digital displays. Products include a selection of 3-cup anemometers for fountain spray controllers, multi-function wind alarms, hand-held anemometers & fixed location wind indicators, temperature instruments & rain gauges. Instruments & other weather station equipment carry a 5-year warranty & are serviced by an in-house staff of technicians & engineers. Products & services are offered worldwide & customization to suit customers application is available on most sensors & instruments.","Maximum, Inc. is a recognized leader in weather instrument design, manufacturing and support. Founded in 1968 and with corporate offices and production facilities in New Bedford, Massachusetts, Maximum weather instruments are distributed globally via a network of authorized dealers. Maximum offers a full line of instruments to monitor wind, temperature, barometric pressure and precipitation conditions. Maximum weather instruments have been proven to withstand some of the world's harshest environments. All Maximum instruments are covered by an industry-leading warranty. Products and services are offered worldwide, and customization is available on most Maximum sensors and instruments.",,$1 - 4.9 Mil,1-9  Employees,"Barometers: Digital


Barometers","All Products / Services

Alarms
Anemometers
Barometers
Brass Goods
Clocks
Controls and Controllers
Fire Fighting Electronics
Gages
Generators
Indicators


Instruments
Marine Equipment
Metrology Equipment
Recorders
Safety Equipment
Sensors / Detectors / Transducers
Stations
Thermometers
Velocimeters
Wildfire Response"
NovaLynx Corporation,800-321-3577,https://novalynx.com/store/pc/home2.asp,"Grass Valley, CA 95945",Manufacturer,"Custom manufacturer of weather monitoring instruments & systems. Weather monitoring instruments & systems includes rain & snow gauges, anemometers, wind vane, graphical display software, weather meters, data loggers, automatic voice dialers, programmable translator, signal conditioners, enclosures, meteorological balloons, clinometers, ceiling light projectors, ceilometers, monitors, calibrators, hygrothermograph, hygrometers, psychrometers, radiations shields, thermometers, shelters, dew cell, transducers, radiometers, albedometers, flow probe, towers, rechargable batteries, chargers, pen, ink & clocks. Applications include weather stations, data acquisition systems, signal conditioning systems, upper sir, lightning detection, barometric pressure, evaporations, water level & flow, analog & digital displays, temperature & humidity.",,www.linkedin.com/company/284554,$1 - 4.9 Mil,1-9  Employees,"Barometers: Digital


Barometers","All Products / Services

Alarms
Altimeters
Anemometers
Balloons
Barometers
Calibrators
Chargers
Charts
Clocks
Cold Chain Equipment
Compasses
Conditioners
Counters
Data Acquisition Systems


Data Collection Systems
Data Loggers
Disaster Preparedness Supplies
Displays
Emergency Power & Lighting Supplies
Enclosures
Evaporimeters
Fire Fighting Electronics
Flowmeters
Forestry Equipment
Gages
Geophysical Equipment
Hurricane Response
Hygrometers

View all products / services offered"
"Protec Equipment Resources, Inc.",866-352-5550,https://www.protecequip.com/,"Grand Prairie, TX 75050",Service Company,"Test equipment rental and leasing services. Products rented include battery testers, circuit breaker testers, high potential and cable testers, inspection equipment, instrumentation and controls, insulation and ground testers, meters, power analysis and data acquisition instruments, relay, transformer ,motor, and generator testers, and watt-hour meter test equipment.",,,$5 - 9.9 Mil,10-49  Employees,"Barometers: Digital


Barometers","All Products / Services

Ammeters
Analyzers
Anemometers
Barometers
Borescopes
Calibrators
Cameras
Cold Chain Equipment
COVID-19 Response
Data Acquisition Systems
Data Loggers
Gages
Generators
Hydrometers


Medical Products and Hospital Equipment
Megohmmeters
Meters
Ohmmeters
Oscilloscopes
Power Supplies
Power Units
Probes
Pumps
Recorders
Reflectometers
Rental and Leasing Services
Sensors / Detectors / Transducers
Simulators

View all products / services offered"
Cen-Med Enterprises,732-447-1100,https://www.cenmedonline.com/,"New Brunswick, NJ 08901",Distributor,"Woman-owned distributor of laboratory supplies, healthcare supplies, safety supplies and laboratory equipment and furniture. Laboratory supplies include analyzers, specimen bags, blood bank supplies, blood collection supplies, chemicals, diagnostic test kits, reagents, sharps collection, specimen collection, life science products, parasitology products and phlebotomy products. Lab equipment repair and calibration services are available. JIT delivery available.","Cen-Med Enterprises, Inc. We are more than your average medical supply company; we are a complete healthcare supplier. Our goal is simple: to provide your medical center, hospital or lab with med/surg or lab supplies at an affordable cost. In twenty years, we have grown from a two person operation to one of the largest laboratory suppliers in the Mid-Atlantic because of our dedication to our customers. With a product line of over a million medical supplies and lab safety equipment as well as a knowledgeable staff, we can provide you with the service and products you wont find elsewhere. We offer repair and calibration services for laboratory equipments and instruments, completing all your lab needs.",www.linkedin.com/company/cen-med-enterprises,$10 - 24.9 Mil,10-49  Employees,"Barometers: Digital


Barometers","All Products / Services

Adapters
Alarms
Analyzers
Anemometers
Anesthesia Equipment
Aprons
Autoclaves
Bags
Bandages
Barometers
Batteries
Beakers
Benches
Bins


Blades
Bottles
Brushes
Buffers
Cabinets
Calculators
Calibration Services
Caps
Chairs
Chemicals
Chromatographs
Cleaning Compounds and Chemicals
Coats
Cold Chain Equipment

View all products / services offered"
"Setra Systems, Inc.",855-758-3836,https://www.setra.com/,"Boxborough, MA 01719",Manufacturer,"Manufacturer of industrial instruments.  Products include accelerometers, balances, barometers, gages, indicators, transducers, calibration instruments, monitors, scales, swtiches, and sensors.",,,$250 Mil. and over,1000+  Employees,"Barometers: Digital


Barometers","All Products / Services

Accelerometers
Automation Systems
Balances
Barometers
Calibrators
Cells
Displays
Gages
Indicators
Instruments


Measuring Equipment
Meters
Monitors
Processors
Readout Systems
Recorders
Scales
Sensors / Detectors / Transducers
Switches
Transmitters"
Davis Instruments,888-627-3370,http://www.davis.com,"Tulsa, OK 74146 | Locations",Distributor,"Distributor of test equipment & controls including oscilloscopes, spectrum analyzers, function generators, power supplies, signal generators, meters, power meters, DMMs, clamp meters, probes, pressure transducers.",,,Not Available,Not Available  Employees,"Barometers: Digital


Barometers","All Products / Services

Accelerometers
Adapters
Adjusters
Air Quality Systems
Alarms
Altimeters
Ammeters
Amplifiers
Analyzers
Anemometers
Autodialers
Automation Services
Balancers
Balances


Barometers
Baths
Batteries
Blocks
Books
Borescopes
Boxes
Buffers
Calculators
Calibration Services
Calibrators
Calipers
Candles
Capacitors

View all products / services offered"
"RainWise, Inc.",800-762-5723,https://www.rainwise.com/,"Trenton, ME 04605",Manufacturer,"Manufacturer Of Electronic Weather Instruments & Systems, Both Consumer & Industrial, With Sensors Available For Wind Speed, Wind Direction, Barometric Pressure, Temperature, Relative Humidity, Rainfall, Precipitation, Solar Radiation, Hours Of Sunlight, Leaf Wetness, Evaporation, Water Level, Fuel Log Moisture & Soil Moisture. All Systems Capable Of Digital Display, Computer Interface &/Or Printout. Complete In-House Engineering & Manufacturing Facilities. Custom Systems. Servicing U.S. & Foreign Countries",,,$1 - 4.9 Mil,10-49  Employees,"Barometers: Digital


Barometers","All Products / Services

Analytical Services
Anemometers
Barometers
Charts
Cold Chain Equipment
Controls and Controllers
Data Acquisition Systems
Data Loggers
Fire Fighting Electronics
Gages
Hygrometers


Indicators
Instruments
Measuring Equipment
Recorders
Scientific Equipment
Sensors / Detectors / Transducers
Stations
Testers
Thermometers
Vaccine Cold Chain Supplies and Logistics
Wildfire Response"
SensaTronics,800-633-1033,,"Austin, TX 78759",Manufacturer,"Manufacturer of environmental monitoring & sensing equipment including anemometers, digital barometers, hygrometers, wind & temperature indicators & instruments.",,,$1 - 4.9 Mil,10-49  Employees,"Barometers: Digital


Barometers","All Products / Services

Anemometers
Barometers
Cold Chain Equipment
Data Loggers
Fire Fighting Electronics
Gages
Hygrometers
Indicators


Instruments
Recorders
Sensors / Detectors / Transducers
Stations
Thermometers
Vaccine Cold Chain Supplies and Logistics
Wildfire Response"
"Petrometer Gauge, Div. of Descon International",631-242-2498,,"West Babylon, NY 11704",Manufacturer,"Liquid-Level Measurement Systems For Fuel, Chemicals, Food-Products & Slurries",,,Not Available,10-49  Employees,"Barometers: Digital


Barometers","All Products / Services

Adapters
Alarms
Backs and Backing
Barometers
Bushings
Caps
Cartridges
Controls and Controllers
Fittings
Floats
Fluids
Gages
Handling Equipment
Hatches


Indicators
Instruments
Measures
Meters
Monitors
Outlets
Panels
Plugs and Stoppers
Recorders
Regulators
Scales
Sensors / Detectors / Transducers
Signals
Solvents

View all products / services offered"
Navigation Science Corp.,818-991-9794,,"Westlake Village, CA 91362",Manufacturer,Manufacturer & distributor of aircraft navigation equipment & supplies.,,,$5 - 9.9 Mil,10-49  Employees,"Barometers: Digital


Barometers","All Products / Services

Airport Equipment
Amplifiers
Anemometers
Barometers
Beacons
Buoys
Communication Systems
Controls and Controllers
Disaster Preparedness Supplies
Finders
Flashers
Gages
Ground Support Equipment
Guidance Systems


Hurricane Response
Indicators
Instruments
Lights
Links
Marine Equipment
Modems
Navigation Equipment
Radar Systems
Radios
Recorders
Sensors / Detectors / Transducers
Socks
Stations

View all products / services offered"
