Company name,Phone number,website (Homepage),Location,Company type,Company Description by Thomasnet,Company Description by the company,Linkedin URL,Annual Sales:,No of Employees:,MANUFACTURING SERVICES,ALL PRODUCTS / SERVICES
"Albertus Energy, Inc.",866-979-6655,http://www.albertusenergy.com/,"Malvern, PA 19355 | Locations",Service Company,"Distribution and service of burners, refractories, heat exchangers and thermal accessories. Specialty contractor and systems integrator for combustion and thermal systems. Custom manufacturer of thermal products, refractory lined vessels, precast shapes, packaged fuel trains and burner management systems. Integration services for combustion and thermal systems including furnaces, kilns, grate or boiler systems, fixed hearth and rotary systems, fume and liquid incinerators, thermal, regenerative and catalytic oxidizers, fluidized bed reactors, ovens, heaters and melters.",,,$5 - 9.9 Mil,50-99  Employees,"Digital Communication Systems
Communication Equipment


Communication Systems
Communication Systems: Wireless","All Products / Services

Controls and Controllers
Flowmeters
Instruments
Meters
Recorders
Transmitters
Valves
Refractories
Burners
Actuators
Adapters
Analyzers
Anchors


Blankets
Blocks
Blowers
Boards
Boilers
Brick
Chambers
Coating Services
Coatings
Combustors
Communication Systems
Contractors
COVID-19 Response

View all products / services offered"
Thermal Solutions Products LLC,717-239-7642,https://www.thermalsolutions.com/,"Lancaster, PA 17601",Manufacturer,"Manufacturer of thermal heating equipment and systems for hot water systems. Products include boilers, heaters, heat exchangers, storage tanks or skids, control systems and accessories. Boilers such as high, condensing ultra-high and midrange efficiency boilers are available. Control systems include advanced controls, propel cognitive pump technology controls, temperature sensors, communications gateways, fuses and boiler control assemblies. Products are designed for industrial, commercial and institutional heating and domestic hot water applications. Markets served include military, healthcare, hospitals, schools, hotels and casinos. Custom design and configuration heating systems are available. Products are UL®, cUL®, ETL and ASME design standards approved. Made in the USA.","Thermal Solutions Products, LLC offers high quality, reliable and high efficiency commercial copper-finned hot water boilers and water heaters along with ultra high efficiency commercial stainless steel condensing hot water boilers.

Thermal Solutions has designed the Evolution high efficiency copper-finned boilers and water heaters to meet the needs of today's commercial heating requirements. The Evolution takes the very best of existing copper-finned boiler and water heater technology to the next level by incorporating a list of design features not found in all products. Real-life serviceability, exceptional heat exchanger, advanced combustion design made simple, and unique timesaving controls are all combined in a compact quick-connect package with efficiencies of up to 97%. The Evolution is truly a step above the rest. 

As a leader in condensing ultra high efficiency commercial hot water boilers, Thermal Solutions offers a wide array of product sizes to meet every condensing application More... with certified third-party thermal efficiencies up to 97%.

 Where efficiency and longevity meet! Less",www.linkedin.com/company/11556827,$5 - 9.9 Mil,10-49  Employees,"Digital Communication Systems
Communication & Connectivity Devices
Communication Equipment


Communication Equipment: Digital
Communication Links
Communication Systems","All Products / Services

Boilers
Heaters
Automation Systems
Boiler Parts
Burners
Communication Protocols
Communication Systems
Controls and Controllers
Exchangers


Gateways
Monitoring Systems
Monitors
Process Machinery
Pumps
Sensors / Detectors / Transducers
Tanks
Thermal Management Materials
Thermal Systems"
"Pleora Technologies, Inc.",877-345-8020,https://www.pleora.com/,"Kanata, ON K2K3A2",Manufacturer,"Manufacturer of quality inspection, machine vision, rugged networking systems and software for industrial applications. Products include turnkey visual inspection system, connectivity devices, gateways, frame grabbers, network interfaces and video switchers. Capable of automated inspection, high-performance imaging, object detection, rapid decision making and multi-sensor working. Serves the parts manufacturing, print and packaging, consumer goods, food & beverage, industrial automation, medical, security, and defense industries.","Global manufacturers and brand leaders rely on Pleora's AI and machine vision solutions, systems expertise, and standards knowledge to shorten time-to-market, reduce risk, and lower costs.

AI for Quality Inspection: Reduce errors and risks, lower costs, and automate manual tasks with end-to-end solutions for AI quality inspection.

Machine Vision Automation: Speed design of sensor-to-display connectivity and high-performance imaging solutions for real-time industrial, medical, and defense systems.

Rugged Networking and AI: Deploy automated and rapid decision-making to imaging systems operating in harsh environments with flexible and scalable multi-sensor networking and AI.",www.linkedin.com/company/pleora-technologies/,Not Available,50-99  Employees,"Digital Communication Systems
Communication & Connectivity Devices
Communication Equipment


Communication Equipment: Digital
Communication Systems
Data Communication Equipment & Systems","All Products / Services

Inspection Equipment
Machine Vision Systems
Imaging Equipment
Automation Systems
Communication Systems
Grabs


Interfaces
Modules
Network Equipment
Platforms
Software
Switchers"
"Cepoint Networks, LLC",603-557-7464,https://www.cepoint.com/,"Nashua, NH 03060 | Locations",Manufacturer,"Manufacturer of applied computing systems, industrial strength 1U Rackmount computing systems, enterprise storage raid, network communication systems, applied computing products, and technologies. Products include, 48V DC and 110V DC powered NAS servers, raid storage, imaging system, medical imaging, high speed DVR with IRIG-B, mobile computers, shipboard computers & carrier grade servers. IDE-raid, SATA Raid, NAS, ISCSI, frame grabbers, portable computers, fault-tolerant, fault-resilient computers , battery powered servers, cluster node, imaging & uncompressed video. Industries served include rf microwave, telecommunications, test and measurements, military electronics and high technologies industry, industrial, aerospace, scientific, laboratory, R & D & homeland security.","Cepoint Networks established in 2000 is a IT systems integration and manufacturing company, specializing in high performance Industrial data acquisition, industrial strength computing, Enterprise storage server products, communications, and applied computing products and technologies for scientific applications and industrial processes. 

 INDUSTRY SUPPORT:

Aerospace and Defence

Homeland Security

Broadcast and Multimedia

Information Technology

Power Grid & Generation

Manufacturing

Oil & Gas

PRODUCTS & SOLUTIONS:

Rugged rack mount Computers for harsh environments

Advanced storage solutions for mission-critical applications

High performance Real-time Digital Video recorders/Image acquisition systems

Broadcast and multimedia

Data Acquisition

Advanced Surveillance and Security systems

PRODUCT HANDLING & MANUFACTURING PROCESSES:

Cepoint applies stringent Quality and manufacturing process in every job or product

Vendors and parts are carefully selected

Every project, job or product is per custom More... basis and with respect to customer requirements

 Third party testing is used where necessary

 Cepoint adheres to ISO 9001/9002 standard Less",,$250 Mil. and over,500-999  Employees,"Digital Communication Systems
Communication Equipment
Communication Equipment: Digital
Communication Systems
Communication Systems & Radios: Tactical


Communication Systems: Broadcasting
Communication Systems: Digital Distribution
Communication Systems: Microwave
Communication Systems: RF
Communication Systems: Satellite

View all Communication Systems categories","All Products / Services

Analyzers
Archive Systems
Arrays
Audio Visual (AV) Equipment
Bridges
Cameras
Cold Chain Equipment
Communication Services
Communication Systems
Computer and Communication Terminals


Computers
Conferencing Equipment
Conferencing Services
Consulting Services
Controls and Controllers
Data Acquisition Systems
Data Loggers
Disk Subsystems
Displays
Distribution Systems

View all products / services offered"
Fox Valley Fire & Safety,847-695-5990,https://www.foxvalleyfire.com/,"Elgin, IL 60124",Turnkey Systems Integrator,"Distributor and turnkey systems integrator of fire and safety products. Fire alarms, monitoring systems, wireless transceivers, portable and wheeled fire extinguishers, fire blanket, hose, extinguisher and valve cabinets, control panels, engineered fire suppression equipment, emergency exit lightings, inverters, security systems and sprinkler equipment are available. Fire alarm products include communication systems, detectors/sensors, pull stations, initiating devices, strobes, horns, speakers, chimes and bells. Security systems include reader and telephone access controls, proximity cards and readers, keypads, cameras and intercoms. Sprinkler products include valves, heads, switches, backflow preventers, gauges, compressors, anti-freezers and corrosion monitoring equipment. Capabilities include on-site surveying, designing, engineering, installation, training, inspection and repairing. Markets served include commercial, retail, restaurants, hospitals, schools, industrial and warehouses. 24 x 7 emergency services are available. NICET certified.","The Authoritative Source for Customized Fire & Safety Protection.

Serving Chicagoland Since 1960.

NICET Certified",www.linkedin.com/company/3334806?trk=tyah,$25 - 49.9 Mil,200-499  Employees,"Digital Communication Systems
Communication Equipment


Communication Systems","All Products / Services

Adapters
Alarms
Amplifiers
Annunciators
Antifreeze
Appliances
Batteries
Bells
Blankets
Boxes
Brackets
Cabinets
Cameras


Caps
Cards
CCTV Equipment
Charges
Chimes
Cleaning Equipment
Communication Systems
Compressors
Connectors
Consulting Services
Contractors
Controls and Controllers
Couplers and Couplings

View all products / services offered"
"KenCast, Inc.",203-359-6984,https://kencast.com/,"Norwalk, CT 06854",Manufacturer,"Technology company providing multimedia communication solutions. Products include multimedia content delivery software and hardware solutions delivering live streaming content over the internet, and used for content delivery applications such as digital signage, IDL, digital cinema, and mobile video delivery.",,,$1 - 4.9 Mil,10-49  Employees,Digital Communication Systems,"All Products / Services

Communication Systems
Conferencing Equipment
Integrators


Software
Software Services"
"Stam, Inc.",440-974-2500,https://staminc.com/,"Mentor, OH 44060",Custom Manufacturer,"Custom precision tubing solutions such as bending, fabricating, and cutting. Capable of processing parts and assemblies including tubes and pipes in various sizes and shapes such as round, square, and rectangular. Materials worked with include brass, carbon steel, copper, titanium, and aluminum alloy. Provides low to high volume production runs. Also offers pressurized testing services. Serves various industries such as oil and gas, sanitary and food equipment, commercial HVAC, military, and construction. Lead time is 2 days to 4 weeks with available rush and emergency services.","Stam Inc. is a custom tube bending service company, founded in 1973 to produce tubular fabrications for the heavy truck industry. Since then, we have grown and broadened our precision tube bending capabilities. Today, Stam provides custom tube bending services to the marine, aerospace, agriculture, food preparation equipment, construction equipment and specialty vehicle markets. Whether you need one piece or twenty thousand pieces, Stam Inc. is positioned to be your ""one-stop"" world-class supplier.",www.linkedin.com/company/3090302?trk=tyah&trkInfo=tarId%3A1402338230795%2Ctas%3Astam%2C%20inc%2Cidx%3A2-2-7,$10 - 24.9 Mil,50-99  Employees,Digital Communication Systems,"All Products / Services

Assemblies
Automotive Parts
Beading Services
Bending Services
Brazing Services
Coating Services
Communication Systems
Corrosion Resistant Products
COVID-19 Response
Cutting Services
Drilling Services
Exchangers
Fabrication Services
Fittings


Forming Services
Hydroforming Services
Job Shop Services
Machining
Manufacturing Services
Marine Equipment
Medical Components
Notching Services
Pipe Fittings
Pipes
Punching Services
Shearing Services
Sizing Services
Slotting Services

View all products / services offered"
Virtual Tech Computer Solutions,309-433-0032,https://virtualtechsolutionsusa.com/,"Peoria, IL 61615",Service Company,"Supplier of information technology services/systems, including internet, ethernet, cyber security and cloud solutions.",,,Not Available,Not Available  Employees,"Digital Communication Systems


Communication Systems","All Products / Services

Cloud Services
Communication Systems


Internet Services"
Converged Digital Networks (CDN),630-390-3200,https://www.dndc.com/,"Downers Grove, IL 60515",Turnkey Systems Integrator,"Design, installation and maintenance of digital communication networks. Products such as telephone systems, cabling, routers and WANs, card readers, video surveillance and door-strike entry systems can be installed.","Converged Digital Networks is a multi-faceted telecommunications family-owned company providing reliable, high quality and cost effective solutions and services to a wide-range of customers from small business to enterprise.

Our Story

Founded in 1987 by Joseph R. Weddle as Digital Network Development Company (DNDC), the company was renamed Converged Digital Networks (CDN) as a result of digital networks becoming less of a mission for the company. Converged Digital Networks was born to support the changing landscape of technology and our ability to change with technology.

​Our Mission

Our mission at Converged Digital Networks is to be the trusted and recognized leader and supplier of choice in business communications by providing innovative and cost effective solutions that meet the customers' needs.

Our Goal

Our goal is to exceed our customers' expectations through extraordinary service, support and vision.

Our Managed Services Program

We are pleased to offer a managed services program More... option so that customers can minimize the risks and responsibilities associated with ownership and operation of their communications system while maximizing their investment.

 Managed Services Benefits:

 - Full Service and Warranty

 - Guaranteed Rates for Expansion

 - Free Software Upgrades

 - Disaster Recovery Provision

 - No Penalty Obsolescence Protection& Recast Flexibility

 - Risk of Loss Coverage (including Software viruses)

 - System Training

 - Discounted System Relocation

 - Guaranteed Renewal Options

 - Flexible Contract Terms Less",www.linkedin.com/company/converged-digital-networks,$1 - 4.9 Mil,10-49  Employees,"Digital Communication Systems
Communication Equipment
Communication Products, Components & Systems


Communication Systems
Communication Systems: Wireless
Wireless Communication Systems: Government","All Products / Services

Communication Systems
Consulting Services
Electric Wire, Cable and Cable Assemblies
Fiber Optic Cable and Cable Assemblies
Integration Services
Maintenance and Repair Services
Networks


Optics
Routers
Telecommunications Equipment
Telecommunications Services
Telephone Systems
Telephones"
Timewave Technology Inc.,651-489-5080,https://timewave.com/,"Saint Paul, MN 55113",Manufacturer,"Manufacturer of voice and digital communication systems for the military, marine, and radio industries. Products include telemetry and radio modems, signal processing systems, noise reduction filters, software, and fiber optic computer interfaces. Adapters, analyzers, controllers, detectors, decoders, and noise cancellers are also available. Suitable for commercial and government applications. Made in the USA.",,,Under $1 Mil,1-9  Employees,"Digital Communication Systems
Communication & Connectivity Devices
Communication Equipment: Digital
Communication Products, Components & Systems


Communication Systems
Communication Systems: Mobile Voice
Military Communication Systems","All Products / Services

Adapters
Analyzers
Cancellers
Communication Systems
Controls and Controllers
Decoders
Filters


Hardware
Interfaces
Modems
Processors
Sensors / Detectors / Transducers
Software
Telemetry Systems"
"Airbiquity, Inc.",888-334-7741,https://www.airbiquity.com/,"Seattle, WA 98104 | Locations",Manufacturer,"Manufacturer of global open scalable cloud platform designed for automotive manufacturers, wireless carriers, tier one suppliers and third party app developers for connected services for many applications including mobile integration, embedded connectivity in a vehicle's head unit, electric vehicle optimization and fleet management.",,,Not Available,Not Available  Employees,"Digital Communication Systems
Communication & Connectivity Devices
Communication Equipment
Communication Equipment: Digital


Communication Systems
Communication Systems: Mobile Voice
Communication Systems: Satellite","All Products / Services

Communication Systems
Computers


Management Systems
Software"
"RACO Mfg. & Engineering Co., Inc.",800-722-6999,http://www.racoman.com/,"Emeryville, CA 94608",Manufacturer,"Manufacturer of remote communication systems for monitoring, reporting, alarm notification & data logging applications. Wireless data communication systems, alarm dialers & systems, autodialers, communication software & systems, control systems, data acquisition systems, solar generators, heaters, fittings, gateways, switches, sensors, cables, enclosures, covers, protocol convertors & connectors are also available. Applications include single RTU to full multi-station, multi-point PLC, DCS & SCADA network.","RACO alarm and event monitoring systems provide remote monitoring, reporting, datalogging, and control functions over the standard dial-up or wirelessly over cellular telephone networks. Alarms and events can be reported using voice messages sent to landline or cellular telephones or using electronic messages delivered via computers, fax machines, email, or SMS. 

Since 1948 RACO Manufacturing and Engineering Co., Inc. has provided municipalities, industry, and government with a wide variety of high-quality, reliable remote communications systems, annunciators, and RTU's for alarm autodialing, remote monitoring, reporting, datalogging, and control. Applications range from only a single RTU to a full multi-station, multi-point PLC, DCS, or SCADA network.",www.linkedin.com/company/raco-manufacturing-&-engineering,$1 - 4.9 Mil,10-49  Employees,"Digital Communication Systems
Command, Control & Communications Systems
Communication Equipment
Communication Products, Components & Systems
Communication Systems


Communication Systems: Broadcasting
Communication Systems: Wireless
Data Communication Equipment & Systems
Data Communication Systems: Wireless
Wireless Communication Systems: Government","All Products / Services

Adapters
Alarms
Annunciators
Antennas
Assemblies
Autodialers
Brackets
Cards
Channels
Cold Chain Equipment


Communication Systems
Computer and Communication Terminals
Connectors
Controls and Controllers
Corrosion Resistant Products
Data Acquisition Systems
Data Collection Systems
Data Loggers
Dialers
Electric Wire, Cable and Cable Assemblies

View all products / services offered"
"WellTech Telecommunications, LLC",671-632-6688,https://www.welltechguam.com/,"Tamuning, GU 96913",Distributor,"Distributor of telecommunications equipment. Products such as desk phones, telephone systems, wireless access points, transmitters, security cameras and surveillance equipment, power over ethernet equipment, and LAN controllers can be provided. Design, installation, and maintenance services can also be provided. Also distributes touchscreen kiosks and digital signage for advertising applications.",,,Not Available,Not Available  Employees,"Digital Communication Systems
Communication Systems
Data Communication Systems: RF


Data Communication Systems: Wireless
Wireless Communication Systems: Government","All Products / Services

Adapters
Cabling Services
Cameras
Communication Components
Communication Systems
Computer Services
Contractors
Controls and Controllers
Hardware
Installation Services
Integration Services
Kiosks


Network Equipment
Networks
Recognition Systems
Research, Design and Development Services
Routers
Security Systems
Servers
Signs
Surveillance Equipment
Switches
Telecommunications Equipment
Telecommunications Services

View all products / services offered"
Raven Electronics Corporation,775-858-2400,https://www.ravencomm.com/,"Reno, NV 89502",Manufacturer,"Manufacturer of modern digital signal processing based communications systems for military, telecommunication and commercial industries. Products include voice and data switching equipment, recording gateways, desktop consoles, digital voice systems, signal to noise ratio voter/comparators and bridge shelves.",,,$1 - 4.9 Mil,10-49  Employees,"Digital Communication Systems
Communication & Connectivity Devices
Communication Equipment
Communication Equipment: Digital
Communication Products, Components & Systems


Communication Systems
Communication Systems: Frequency Shift
Communication Systems: Wireless
Data Communication Equipment & Systems
Data Communication Systems: Wireless

View all Communication Systems categories","All Products / Services

Communication Systems
Comparators
Consoles
Controls and Controllers
Decoders
Electronics
Encoders


Gateways
Modems
Modules
Shelves and Shelving
Switches
Telecommunications Equipment"
Patton Electronics Co.,301-975-1000,https://www.patton.com/,"Gaithersburg, MD 20879",Manufacturer,"Manufacturer of fiber optic solutions for digital and data communication applications. Various products available include Ethernet extenders, gateways, passive baluns, concentrators, interface converters, modules and cards, repeaters, surge protectors and routers. CAD files accepted. Lean manufacturing capable. 24/7 support services available. REACH and RoHS compliant. CE certified. One year warranty. Made in the USA.","Patton solves real-world customer challenges with high-quality, right-priced products and solutions complemented by unrivaled services and support. Incorporated in 1984, Patton has developed and sustained communications product and system competence ranging from basic asynchronous serial (RS-232/422/485) communications to cloud based telephony and everything in between.

Patton delivers communications infrastructure, unified communication, cloud, and IoT-enabling solutions for government, service providers and industry. The product portfolio is made up of more than 1000 products including VoIP gateways, routers, voice session border controllers, security appliances, network extenders, interface converters, multiplexers, isolators and much more.

Patton's special project group performs project management, R&D, product development (mechanical, hardware, software and cloud), network and system design, systems integration and contract manufacturing for government, industry peers, research institutions More... and academia.

 Patton's FiberPlex group has been engineering, manufacturing and delivering secure fiber solutions to the US Government for over a quarter of a century and share that expertise with commercial and international markets. As experts in the industry, we assist all sorts of agencies, businesses, campuses, broadcasters and live production firms on how to leverage technology to solve complex communication and security problems. Less",www.linkedin.com/company/patton-electronics/,$25 - 49.9 Mil,100-199  Employees,"Digital Communication Systems
Audio Communication Systems
Command, Control & Communications Systems
Communication & Connectivity Devices
Communication Components & Subsystems


Communication Equipment
Communication Equipment: Digital
Communication Links
Communication Products, Components & Systems
Communication Systems

View all Communication Systems categories","All Products / Services

Adapters
Alarms
Amplifiers
Audio Visual (AV) Equipment
Baluns
Boosters
Bridges
Cards
CCTV Equipment
Changers


Communication Services
Communication Systems
Concentrators
Controls and Controllers
Converters
COVID-19 Response
Drivers
Electric Wire, Cable and Cable Assemblies
Electrical Components
Electronic Components

View all products / services offered"
Trinity Video Communications,800-261-9008,http://www.trinityvideo.net,"Louisville, KY 40299",Turnkey Systems Integrator,"Audio-visual systems design and integration solutions provided for the commercial, educational, healthcare and government markets. Products include video walls, video displays, communication networks, data communication systems and video security systems.",,,Not Available,Not Available  Employees,"Digital Communication Systems
Communication & Connectivity Devices
Communication Equipment
Communication Equipment: Digital


Communication Systems
Communication Systems: Wireless
Data Communication Equipment & Systems
Data Communication Systems: Wireless","All Products / Services

Audio Visual (AV) Equipment
Communication Systems
Conferencing Equipment
Controls and Controllers
Displays


Integration Services
Networks
Security Systems
Surveillance Equipment"
Telular Corp.,800-835-8527,https://www.telular.com/,"Chicago, IL 60606 | Locations",Manufacturer,"ISO 9001 certified custom manufacturer of wireless fixed cellular products for residential, commercial & industrial applications. Products include alarm communicators, tank monitors, communicator bundles, terminals, access transport hubs, telemetry systems & cellular phones. Inventory management service is also available. Meets EVDO, HSDPA, CDMA & GSM standards.",,,Not Available,Not Available  Employees,"Digital Communication Systems
Communication & Connectivity Devices
Communication Equipment
Communication Equipment: Digital
Communication Products, Components & Systems


Communication Systems
Communication Systems: Wireless
Data Communication Equipment & Systems
Data Communication Equipment: OEM
Data Communication Systems: Broadband

View all Communication Systems categories","All Products / Services

Alarms
Communication Systems
Computer and Communication Terminals
Controls and Controllers
Data Acquisition Systems
Data Collection Systems
Dialers
Hubs
Indicators
Inventory Management Services


Links
Management Systems
Modems
Modules
Monitoring Systems
Monitors
Security Systems
Sensors / Detectors / Transducers
Software
Telemetry Systems

View all products / services offered"
Mitel,212-798-1848,https://www.mitel.com/,"Murray Hill, NJ 07974 | Locations",Custom Manufacturer,Communications products & applications for organizations of all sizes.  A full range of managed services that include voice & data network design & traffic provisioning & custom application development.,,,$10 - 24.9 Mil,10-49  Employees,"Digital Communication Systems
Communication Systems


Data Communication Equipment & Systems","All Products / Services

Communication Systems
Consulting Services
Internet Services
Software


Software Services
Telecommunications Services
Telephone Systems
Telephones"
BlackHawk Datacom,337-593-8700,https://www.blackhawkdc.com/,"Lafayette, LA 70506",Turnkey Systems Integrator,"Designer and installer of Datacom systems and related products for mission critical operations. Selection includes managed network systems, managed security systems, managed automation systems and information management systems. Additional services include engineering, procurement and construction. Serving the oil, gas, maritime and utilities markets.",,,Not Available,Not Available  Employees,"Digital Communication Systems
Communication Systems
Communication Systems: Wireless


Data Communication Equipment & Systems
Data Communication Systems: Wireless","All Products / Services

Communication Systems
Controls and Controllers
Hardware
Integration Services
Managed Network Services
Management Systems
Monitoring Systems


Monitors
Network Equipment
Security Systems
Sensors / Detectors / Transducers
Software
Software Services
Surveillance Equipment"
"Silicon Laboratories, Inc.",877-444-3032,https://www.silabs.com/,"Austin, TX 78701",Manufacturer,"Manufacturer of electronic devices and related equipment for the home automation, industrial automation, data center, automotive, communications, healthcare and retail markets. Products include microcontrollers, RF integrated circuits, intelligent sensors, USB bridges, clocks, oscillators, isolators, PoE controllers and modems.",,,$250 Mil. and over,1000+  Employees,"Digital Communication Systems
Communication & Connectivity Devices
Communication Components & Subsystems
Communication Equipment


Communication Equipment: Digital
Data Communication Equipment & Systems
Data Communication Systems: RF
Data Communication Systems: Wireless","All Products / Services

Amplifiers
Bridges
Circuits
Clocks
Communication Systems
Comparators
Controls and Controllers
Converters
Isolators


Modems
Modules
Multiplexers
Oscillators
Processors
Sensors / Detectors / Transducers
Synthesizers
Transceivers
Tuners"
"Roe-Comm, Inc.",269-327-1045,https://www.roecomm.com/,"Portage, MI 49002",Manufacturers' Rep,"Manufacturer’s representative and distributors of wireless communication systems and equipment. Products include portable two-way radios, mobile two-way radios, consoles, wireless data communication equipment and systems, video cameras, extenders, pagers, radio systems, radio repeaters, GPS vehicle tracking systems, and vehicle radio extenders. Applications include police departments, educational institutions, retails, hospitality businesses, and service and manufacturing industries.",,,Not Available,Not Available  Employees,"Digital Communication Systems
Communication Equipment
Communication Equipment: Digital
Communication Systems
Communication Systems: Two-Way


Communication Systems: Wireless
Data Communication Equipment & Systems
Data Communication Systems: Wireless
Wireless Communication Systems: Government","All Products / Services

Cameras
Communication Systems
Consoles
Disaster Preparedness Supplies
Extenders
Fire Fighting Electronics
Hurricane Response


Pagers
Radios
Repeaters
Telecommunications Equipment
Trackers
Wildfire Response"
Technovative Applications,714-996-0104,https://www.tnov.com/,"Brea, CA 92821",Custom Manufacturer,"Custom manufacturer of subsystems and components. Products include radar, projectile tracking and mortar tracking systems, defense fire control systems, sub-systems and transceivers. Capabilities include CNC machining, MIG and TIG welding and fabrication.",,,Under $1 Mil,10-49  Employees,"Digital Communication Systems
Communication Equipment: Digital


Communication Systems
Communication Systems: Satellite","All Products / Services

Communication Systems
Controls and Controllers
Machining
Munitions
Radar Systems


Sensors / Detectors / Transducers
Testers
Trackers
Transceivers
Welding Services"
David Clark Company Inc.,800-298-6235,http://www.davidclarkcompany.com/,"Worcester, MA 01615",Manufacturer,"Manufacturer of headset communications systems for high-noise environments. Products include passive and ENC helicopter, air crew and fixed wing and ground support headsets, workboat, digital and marine wireless intercom systems and voice powered and land/mobile communication systems. Radio direct, two-way communication, dichotic, portable battery powered pushback wired, ramp/maintenance, single and dual ear and Bluetooth headsets, crew escape and contingency hypobaric astronaut protective suits and wireless gateways are available. Accessories such as adapters, cables, straps, antennas, power modules, hearing protectors and connectors are also available. Markets served include aviation, military and defense, airline/airport, fire rescue, marine and aerospace. Capabilities include design and engineering, prototyping, project and data management, training, repair and testing. Made in the USA.","Since 1935 David Clark Company has been dedicated to the development of products calling for unsurpassed excellence in quality, design and performance. From our humble beginnings in the textile business with the development of unique knitted materials for specialty undergarments, our focus has evolved to products that protect people and save lives.

Each of the various products described on our website was developed in response to a customer's expressed need. Consequently, we understand the real value of listening to our customers and providing them uncompromising customer service, forever. As the industry leader in virtually every niche market we serve, we are dedicated to maintaining the high standards that our Company founders established. We have earned a reputation for excellence; we intend to keep it and to continue deserving the confidence of our customers.

We invite your comments or queries on any of our products or capabilities, and welcome any opportunity to serve you.",www.linkedin.com/company/david-clark-company-inc.?trk=tabs_biz_home,Not Available,200-499  Employees,"Digital Communication Systems
Audio Communication Systems
Communication & Connectivity Devices
Communication Equipment
Communication Equipment: Digital


Communication Products, Components & Systems
Communication Systems
Communication Systems & Radios: Tactical
Communication Systems: Two-Way
Communication Systems: Wireless

View all Communication Systems categories","All Products / Services

Adapters
Amplifiers
Antennas
Communication Systems
Covers
Disaster Preparedness Supplies
Earmuffs
Electric Wire, Cable and Cable Assemblies
Fire Fighting Electronics
Gateways


Ground Support Equipment
Headphones
Headsets
Hurricane Response
Intercoms
Microphones
Modules
Protectors
Radios
Restraints

View all products / services offered"
Green Mountain Communications,603-717-7117,https://greenmountaincommunications.com/,"Pembroke, NH 03275",Turnkey Systems Integrator,"Design and installation of wired/wireless communication systems. Distributed antenna systems and two-way radio systems can be designed and installed. Capabilities include engineering, furnishing, consulting, microwave backhaul, maintenance, rental and fleet, FCC licensing and tower services. Markets served include government, utility, enterprises, healthcare institution, and educational industries.",,www.linkedin.com/company/green-mountain?trk=hb_tab_compy_id_3157196,Not Available,Not Available  Employees,"Digital Communication Systems
Command, Control & Communications Systems
Communication Equipment
Communication Equipment: Digital
Communication Products, Components & Systems


Communication Systems
Communication Systems: Mobile Voice
Communication Systems: Wireless
Data Communication Equipment & Systems
Data Communication Systems: Broadband

View all Communication Systems categories","All Products / Services

Antennas
Communication Systems
Disaster Preparedness Supplies
Fire Fighting Electronics


Hurricane Response
Integration Services
Radios
Wildfire Response"
Sonetics,800-833-4558,https://www.soneticscorp.com/,"Portland, OR 97224",Manufacturer,"Manufacturer of radio and wireless communication equipment. Products include two-way and Bluetooth headsets, stealth wireless and portable wireless systems, belt packs, base stations, and digital and wired intercoms. Markets served include agriculture, aviation, first responders, food processing, manufacturing, marine and recreation sectors.",,,Not Available,50-99  Employees,"Digital Communication Systems
Audio Communication Systems
Command, Control & Communications Systems
Communication & Connectivity Devices
Communication Components & Subsystems


Communication Equipment
Communication Equipment: Digital
Communication Products, Components & Systems
Communication Systems
Communication Systems & Radios: Tactical

View all Communication Systems categories","All Products / Services

Communication Systems
Headphones
Headsets


Intercoms
Radio Station Equipment
Stations"
Pentek Inc. - Digital Signal Processing,201-818-5900,https://www.pentek.com/,"Upper Saddle River, NJ 07458",Manufacturer,"Manufacturer of high-speed real-time recording systems and software, data acquisition and I/O, digital signal processing (DSP) and software radio products. Signal processing systems include data acquisition systems, I/O systems, digital signal processing computer systems, processors, FMC I/O process systems, field-programmable gate array (FPGA) process systems, recording systems and software radio products. Types of software include board support software, driver software, recording software, processor software and system software. Software radio products such as receivers, transceivers and up-converters are available. Products are available with 1-year warranty. Markets served include defense, medical, research, communications, telecommunications, electronic surveillance, instrumentation, satellites, commercial and industrial.",,,Not Available,Not Available  Employees,Digital Communication Systems,"All Products / Services

Adapters
Amplifiers
Baseboards
Boards
Cages
Cold Chain Equipment
Communication Systems
Computers
Controls and Controllers
Converters
Data Acquisition Systems
Data Loggers
Drivers
Emulators


Generators
Interfaces
Modules
Processors
Radios
Receivers
Recorders
Routers
Software
Synchronizers
Synthesizers
Telecommunications Equipment
Telemetry Systems
Transceivers

View all products / services offered"
Air-Sea Safety,843-723-2722,https://airseasafety.net/,"Charleston, SC 29403",Distributor,"Distributor of life rafts, vessel safety & rescue equipment for commercial & recreational marine industry. Marine equipment including inflatables, survival, immersion suits & flotation devices. Rescue & survival equipment include pyrotechnics, first aid kits, photo-luminescent signage & liferaft emergency equipment. Leak proof marine gears include immersion suits, float coats, work jackets, buoys, life floats, work vests, search & rescue vests, manual & automatic inflatable vests, beacon lights, whistles & reflective tapes. Services include life raft inspections, inflatable boat repairing, restoration, reconditioning, custom rigging, fiberglass & gel coat repairing & dockside pick-up & delivery. EPIRB (emergency position indicating radio beacon) services are also available. IMO, SOHS, USCG & SOLAS compliant.",,,Under $1 Mil,1-9  Employees,"Digital Communication Systems
Communication Systems
Communication Systems: Satellite


Communication Systems: Two-Way
Communication Systems: Wireless","All Products / Services

Bags
Beacons
Belts
Boats
Brackets
Buoys
Coats
Communication Systems
COVID-19 Response
Cylinders
Disaster Preparedness Supplies
Emergency Power & Lighting Supplies


Extinguishers
Fire Fighting Electronics
Fire Fighting Equipment
Fire Fighting Tools
Fire Safety Services
Flares
Flashlights
Floats
Global Positioning Systems (GPS)
Hoods
Hose
Hurricane Personal Protective Equipment

View all products / services offered"
Ariesys Inc.,626-278-2392,http://www.ariesys.com,"Rosemead, CA 91770",Manufacturer,"Manufacturer of display and portable computers for commercial, aerospace, military and industrial applications. Products include ruggedized computer systems, touch panel computers, monitors and tablets, LCD consoles, and communication systems.",,,Under $1 Mil,1-9  Employees,"Digital Communication Systems
Audio Communication Systems
Communication Equipment
Communication Products, Components & Systems


Communication Systems
Communication Systems: Mobile Voice
Communication Systems: Wireless
Military Communication Systems","All Products / Services

Chassis
Communication Systems
Computers
Consoles
Controls and Controllers


Displays
Keyboards
Monitors
Screens
Workstations"
Divelbiss Corp.,800-245-2327,https://www.divelbiss.com/,"Fredericktown, OH 43019",Manufacturer,"ISO 9001:2008 certified manufacturer of standard & custom electronic controls for commercial/industrial/mobile application. Products include programmable logic controllers (PLCs), human machine interfaces (HMIs), integral PLC-HMI harsh environment rated controllers, PLC on a Chip® & PLC/Programming training hardware & courseware. Services include product development engineering, product testing, software, panel services, contract manufacturing, & system integration. Engineering design services include project concept, specification, hardware & embeddable software design, single & multi-layer printed circuit board design, packaging design & verification testing. Manufacturing capabilities include semi-automated thru-hole & automated SMT printed circuit board production, final assembly, & quality control testing.",,www.linkedin.com/company/658601?trk=tyah&trkInfo=idx%3A2-1-7%2CtarId%3A1425486605398%2Ctas%3Adivelbiss,$5 - 9.9 Mil,10-49  Employees,"Digital Communication Systems
Communication Components & Subsystems
Communication Equipment: Digital
Communication Systems: Satellite
Communication Systems: Two-Way


Communication Systems: Wireless
Data Communication Equipment: OEM
Data Communication Systems: Wireless
Internet Mobile Communication Assembly Systems","All Products / Services

Adapters
Additive Manufacturing Services
Alarms
Assemblies
Automation Systems
Boards
Chips
Cold Chain Equipment
Communication Services
Communication Systems


Computer Peripherals
Computer Services
Computers
Controls and Controllers
Converters
Counters
Data Acquisition Systems
Data Loggers
Displays
Electronics

View all products / services offered"
Cornet Technology Inc.,703-658-3400,https://cornet.com/,"Springfield, VA 22151",Manufacturer,"Manufacturer of data, video and voice communication equipment and systems. Products such as gateways, tactical communication computers, switches, terminals, encoders, deciders, recorders, multiplexers, patch panel, radio adapter and software are available.",,,$100 - 249.9 Mil,100-199  Employees,"Digital Communication Systems
Communication Equipment: Digital


Communication Systems
Data Communication Equipment & Systems","All Products / Services

Communication Systems
Computer and Communication Terminals
Computers
Connectors
Decoders
Encoders
Gateways


Multiplexers
Receivers
Recorders
Switches
Terminals and Lugs
Testers
Transmitters"
"Loop Telecommunication International, Inc.",561-627-7947,https://www.looptelecom.com/,"Palm Beach Gardens, FL 33418",Manufacturer,"Manufacturer of hardware and software products for telecommunication industries. Products include network management software, element management systems, multiplexers, converters, Ethernet access products, routers, bridge boxes, aggregators, rack cards, WiFi modules, line extenders, antennas, panels, and air filters. Markets served include industrial and commercial sectors.",,,Not Available,Not Available  Employees,"Digital Communication Systems
Communication Equipment


Communication Systems","All Products / Services

Antennas
Boxes
Cards
Communication Systems
Extenders


Filters
Modules
Multiplexers
Routers
Software"
"Vital Alert Communication, Inc.",647-930-1534,https://vitalalert.com/,"Thornhill, ON L3T6M8",Manufacturer,"Manufacturer of  communication systems which enable emergency & day-to-day data & voice communications in some of the most difficult communications environments such as tunnels, sewer pipes, subways, mines, buildings & fire rescue.",,,Under $1 Mil,10-49  Employees,"Digital Communication Systems
Communication Systems


Communication Systems: Hazardous Area
Communication Systems: Wireless","All Products / Services

Communication Systems
COVID-19 Response


Hazardous Waste Equipment, Supplies & Services"
Christie Digital,800-265-2171,https://www.christiedigital.com/en-us,"Kitchener, ON N2G4Y7 | Locations",Manufacturer,"ISO 9001 manufacturer of display technologies. Products include projectors, image processors, LED & xenon lights, lamps, theatre automation controls, routers & video wall controllers, enclosures & simulation products. Applications include cinema, large audience environments, control rooms, business presentations, training facilities, 3D & virtual reality, simulation, education, media & government. RoHS compliant.","At Christie we help our customers create the world's best-shared experiences through our offering of world-class projection systems, displays and audio solutions for any type of content.

Christie offers a broad range of visual, audio and collaboration solutions, including:

- Xenon, laser phosphor, RGB pure laser, DLP® Cinema® projectors

- Laser phosphor, 3LCD, 1DLP and 3DLP large venue projectors

- Laser phosphor, 3LCD, 1DLP and 3DLP business projectors

- Rear screen projection modules

- Video walls

- 3D, virtual reality and simulation projection technologies

- Complete, immersive audio solutions

- Seamless collaboration and presentation solutions

- LED video walls and tiles

- Flat panels

- Medical imaging

Whatever the application, our solutions are designed to meet unique visual, audio and collaboration requirements, and are backed by industry-leading service and support ensuring complete customer satisfaction.

Christie is recognized as one of the most innovative visual technology More... companies in the world. Over the past eight decades, Christie has established a reputation for providing unprecedented levels of customer service and support. Less",www.linkedin.com/company/christie-digital-systems,Not Available,1000+  Employees,Digital Communication Systems,"All Products / Services

Aids
Audio Visual (AV) Equipment
Bulbs
Communication Systems
Conferencing Equipment
Controls and Controllers
Diagnostic Equipment
Digital Signage Services
Display Components
Displays
Electronics
Engineering Services
Imaging Equipment
Interfaces


Lenses
Lights
Military Equipment
Mounts
Presentation Equipment
Processors
Projectors
Research, Design and Development Services
Rooms
Routers
Screens
Signs
Simulators
Software

View all products / services offered"
"Blue Valley Public Safety, Inc.",888-288-5120,http://www.bluevalleypublicsafety.com,"Grain Valley, MO 64029",Turnkey Systems Integrator,"Woman-owned mfrs. rep. & distributor of warning systems & power supplies. Types of warning systems include alarms, communication, paging & calling systems, sirens & lightning, flood, nuclear, network & weather warning systems. Applications include municipalities, college campuses, industrial, nuclear facilities & military.",,,$1 - 4.9 Mil,10-49  Employees,"Digital Communication Systems
Audio Communication Systems
Communication Equipment


Communication Systems
Communication Systems: Value-Added","All Products / Services

Alarms
Communication Systems
Controls and Controllers
Hurricane Response
Infrastructure Protection Supplies
Pagers
Power Supplies


Public Address (PA) Systems
Security Systems
Signals
Sirens
Stations
Warning Systems"
Process Control Outlet,800-546-1113,https://www.pco2.com/Default.asp,"Baytown, TX 77521",Distributor,"Manufacturer of indicators, gauges, batteries, mouse, monitors, computer systems and peripherals. Displays, memories, controllers, processors, calibrators, boards, keyboards, switches, printed circuit board (PCB) assemblies, protectors, recorders, transmitters, data loggers, disks, conditioners, tachometers, resistors, printers, motors, connectors, data loggers and data acquisition systems are distributed. Also distributes COVID-19 response products such as gloves, sanitizers, wipes and masks. Custom cable assemblies are also provided. Repair, exchange, field service support and on-site engineering services are offered. Serves the process control and automation industries.",,,Not Available,10-49  Employees,"Digital Communication Systems
Communication Equipment: Digital
Communication Systems
Communication Systems: Wireless


Communicators: HART
Data Communication Equipment & Systems
Data Communication Systems: Wireless","All Products / Services

Batteries
Boards
Breakers
Calibrators
Cards
Cold Chain Equipment
Communication Systems
Computer Accessories
Computer Accessories
Computer Peripherals
Computers


Conditioners
Connectors
Contactors
Control Products
Controls and Controllers
Converters
Data Acquisition Systems
Data Loggers
Digital Memory
Disks
Displays

View all products / services offered"
Arct Wireless,800-540-5700,https://arctwireless.com/,"North Hollywood, CA 91601",Manufacturer,"Manufacturer of wireless communication devices for the hospitality, childcare, religious, healthcare, education, retail, automotive and mass storage industries. Products include pagers, pager antennas, chargers and transmitters.",,,$5 - 9.9 Mil,10-49  Employees,"Digital Communication Systems
Communication Equipment


Communication Equipment: Digital
Communication Systems: Wireless","All Products / Services

Antennas
Chargers
Communication Systems
Electronics


Pagers
Power Supplies
Transmitters"
"Orbit Communication Systems, Inc.",954-742-3831,http://orbit-cs-usa.com/,"Deerfield Beach, FL 33442",Manufacturer,"Manufacturer of satellite communication systems and products for airborne, marine, commercial and military applications. Products include antennas, trackers, positioners, RF feeds, controllers, remote control units and communication management systems.",,,$10 - 24.9 Mil,10-49  Employees,"Digital Communication Systems
Audio Communication Systems
Command, Control & Communications Systems


Communication Systems
Communication Systems: Satellite
Military Communication Systems","All Products / Services

Antennas
Communication Systems
Controls and Controllers


Positioners
Trackers"
"In-Phase Technologies, Inc.",609-298-9555,http://in-phasetech.com/,"Bordentown, NJ 08505",Distributor,"Manufacturer of standard & custom automated test systems. Products include analog, digital, RF, fiber optic, testing, interface & monitoring systems. Microwave filters, switch matrices, laser sources, software, transceivers & one-box mixed-signal solutions, test bed simulators, up/down converters, microwave modules, oscillators & synthesizers are also available. Industries served include aerospace, biomedical, communication, electronics, marine, pharmaceutical & semiconductors. ISO 9001 & NHB 5300(1C) compliant. MIL-I-45208A certified.",,,$1 - 4.9 Mil,10-49  Employees,"Digital Communication Systems
Communication Equipment
Communication Products, Components & Systems
Communication Systems
Communication Systems: Fiber Optic


Communication Systems: Microwave
Communication Systems: RF
Communication Systems: Satellite
Communication Systems: Wireless
Communications Systems: Aircraft & Aerospace","All Products / Services

Adapters
Amplifiers
Analyzers
Antennas
Assembly Machinery
Automation Services
Automation Systems
Calibration Services
Capacitors
Chambers


Communication Systems
Connectors
Converters
Custom Machinery
Data Acquisition Systems
Data Collection Systems
Diagnostic Equipment
Duplexers
Electric Wire, Cable and Cable Assemblies
Electronic Translators

View all products / services offered"
Transition Networks,952-941-7600,https://transition.com/,"Minnetonka, MN 55343",Manufacturer,"Manufacturer of network equipment and supplies for the enterprise, government, physical security and surveillance, data center, service provider and industrial markets. Products include media converters, extenders, network intrusion detection systems, switches, adapters, optical devices, DIN rail mounts and power supplies. Applications include business Ethernet, fiber-to-the-desk, data center networking and wireless backhaul.",,,Not Available,Not Available  Employees,"Digital Communication Systems
Communication & Connectivity Devices
Communication Components & Subsystems
Communication Equipment
Communication Products, Components & Systems


Communication Systems
Communication Systems: Fiber Optic
Communication Systems: Wireless
Data Communication Equipment & Systems
Data Communication Systems: Broadband

View all Communication Systems categories","All Products / Services

Adapters
Communication Systems
Connectors
Converters
Extenders
Filters
Hardware


Management Systems
Network Equipment
Optics
Power Supplies
Security Systems
Switches
Transceivers"
"Coast to Coast Communications, Inc.",800-613-5613,https://coasttocoastcommunications.com/,"Dana Point, CA 92629",Turnkey Systems Integrator,"Design, build and installation of voice and data communication systems. Products include cable and fiber infrastructures, wireless systems, paging systems, data centers and call center systems.",,,Not Available,Not Available  Employees,"Digital Communication Systems
Communication Equipment
Communication Equipment: Digital
Communication Products, Components & Systems
Communication Systems


Communication Systems: Digital Distribution
Communication Systems: Wireless
Data Communication Equipment & Systems
Data Communication Systems: Wireless
Secure Communications Systems","All Products / Services

Call Center Systems
Communication Systems


Integration Services
Pagers"
Fieldbus Foundation,512-794-8890,http://www.fieldbusinc.com,"Austin, TX 78731",Turnkey Systems Integrator,"Design, build and installation of process automation systems. Products include digital and two way communication systems, integrated systems, communication protocols, control systems, subsystems and devices.",,,$1 - 4.9 Mil,1-9  Employees,"Digital Communication Systems
Communication Components & Subsystems
Communication Equipment
Communication Equipment: Digital


Communication Products, Components & Systems
Communication Systems
Communication Systems: Two-Way","All Products / Services

Automation Systems
Communication Protocols
Communication Systems
Controls and Controllers


Integration Services
Integrators
Measuring Equipment"
Aerostream Communications,303-279-3671,http://www.aerostream.com,"Golden, CO 80401",Manufacturer,"Manufacturer of software defined radios. Products types include handheld, portable and fixed communicators. Applications include broadcast reception, two-way voice and data communications, and RF signal detection and classification. Markets served include commercial, aeronautical, marine and military sectors.",,,Under $1 Mil,1-9  Employees,"Digital Communication Systems
Audio Communication Systems
Communication Equipment
Communication Equipment: Digital
Communication Products, Components & Systems


Communication Systems
Communication Systems: Broadcasting
Communication Systems: RF
Communication Systems: Two-Way","All Products / Services

Communication Systems
Disaster Preparedness Supplies
Fire Fighting Electronics


Hurricane Response
Radios
Wildfire Response"
Smarter Systems,704-765-5065,https://www.smartersys.com/,"Charlotte, NC 28217",Turnkey Systems Integrator,"System integration of audio/visual technologies. Products include communication system, Digital Signage, display, Broadcast Television, furniture, tablet, carts, desks, Screens, mount, projector, racks, Sound, Amplification, speakers, mixers, wireless microphone systems, digital processors and network audio. Markets served include government and commercial.",,,Not Available,Not Available  Employees,"Digital Communication Systems


Audio Communication Systems","All Products / Services

Communication Systems
Desks
Display Components
Furniture
Integration Services


Mounts
Projectors
Screens
Tables"
"David Hill and Company, LLC",203-414-5794,http://www.davidhillandcompany.com,"Fairfield, CT 06824",Turnkey Systems Integrator,"Design and installation of heating, ventilating and air conditioning (HVAC) control systems for commercial, corporate and industrial sectors. Products include communication systems, embedded controllers and automation systems.",,,Under $1 Mil,1-9  Employees,"Digital Communication Systems


Communication Systems","All Products / Services

Automation Systems
Communication Systems
Conditioners


Controls and Controllers
HVAC Equipment
Integration Services"
NTT Advanced Technology Corporation,408-392-4280,https://www.ntt-at.com/,"San Jose, CA 95110",Manufacturer,"Manufacturer of information and communication equipment and supplies. Various products include environmental assessment materials, fiber optics, semiconductor equipment, nanofabrication technologies, X-ray and EUV optics, material analysis systems, RF and wireless supplies, telecommunication networking equipment and audio/visual equipment. Manufacturer of standard and custom film. Custom manufacturer of molds. Capabilities include etching, cleaning, annealing, polishing, cleaving, dicing and bonding.",,,Under $1 Mil,1-9  Employees,"Digital Communication Systems


Communication Systems: Wireless","All Products / Services

Adhesives
Aligners
Amplifiers
Analyzers
Antennas
Arrays
Audio Visual (AV) Equipment
Autoclaves
Charts
Circuits
Cleaning Compounds and Chemicals
Cleavers
Coatings
Communication Systems


Conference Room Equipment
Conferencing Equipment
Connectors
Consulting Services
Cord and Cordage
Crystals
Curing Systems
Decoders
Deflectors
Discs
Dryers
Electro-Optical Equipment
Electrodes
Encoders

View all products / services offered"
RMG Networks Holding Corp.,800-827-9666,https://www.rmgnetworks.com/,"Addison, TX 75001",Turnkey Systems Integrator,"Designer and installer of visual communication systems. Products include SDA media players, smart-screen AIO integrated displays, large LCD/LED displays, information kiosks, video walls, door displays and display system software. Serving the financial, healthcare, higher education, hospitality and retail markets.",,,Not Available,Not Available  Employees,"Digital Communication Systems
Communication Equipment


Communication Equipment: Digital","All Products / Services

Communication Systems
Displays
Hardware
Integration Services


Kiosks
LEDs
Software
Software Services"
"REDCOM Laboratories, Inc.",585-924-7550,https://www.redcom.com/,"Victor, NY 14564",Manufacturer,"Manufacturer of advanced strategic, operational, and tactical communication solutions with a focus on command & control, interoperability, flexibility, and ease of use. Training, installation and consulting services also available. Industries served include military, government, service providers, public safety, and EMS.",,,Not Available,Not Available  Employees,"Digital Communication Systems
Audio Communication Systems
Communication & Connectivity Devices


Communication Equipment: Digital
Communication Systems","All Products / Services

Communication Systems
Controlled Switching Devices
Hardware
Network Equipment


Networks
Software
Telecommunications Equipment"
Link Labs,202-524-1390,https://www.link-labs.com/,"Annapolis, MD 21401",Manufacturer,"Manufacturer of communication solutions for Internet of Things applications. Products include RF transfer modules, gateways and networks. Industries served include the intelligence community, department of defense and telecommunications.",,,Under $1 Mil,10-49  Employees,"Digital Communication Systems
Communication Equipment
Communication Equipment: Digital
Communication Products, Components & Systems
Communication Systems


Communication Systems: RF
Communication Systems: Wireless
Data Communication Equipment & Systems
Data Communication Systems: RF
Data Communication Systems: Wireless","All Products / Services

Communication Systems
Gateways
Links


Networks
Routers"
"The Office Phone, LLC",888-883-7054,http://theofficevoip.com/,"Fort Collins, CO 80525",Turnkey Systems Integrator,"Design and installation of communication systems for commercial, corporate and industrial sectors. Products include wiring, structured cabling, VoIP phone systems, softphones, video conferencing systems and business phone systems.",,,Not Available,Not Available  Employees,"Digital Communication Systems
Audio Communication Systems


Communication Equipment
Communication Systems","All Products / Services

Communication Systems
Conferencing Equipment
Electric Wire, Cable and Cable Assemblies


Integration Services
Telephone Systems
Telephones"
SignalFire Wireless Telemetry,978-212-2868,https://signal-fire.com/,"Hudson, MA 01749",Turnkey Systems Integrator,"Turnkey wireless telemetry systems and related accessories provided for agriculture and oil and gas applications. Products include data transmission systems, gateways, radio networking systems, analog and digital communications modules, field monitors, repeater nodes and batteries.",,,Under $1 Mil,1-9  Employees,"Digital Communication Systems
Communication & Connectivity Devices
Communication Equipment
Communication Systems


Communication Systems: Wireless
Data Communication Equipment & Systems
Data Communication Systems: Wireless","All Products / Services

Batteries
Communication Systems
Controls and Controllers
Gateways
Hardware
Integration Services


Modules
Monitoring Systems
Monitors
Network Equipment
Telemetry Systems
Transmitters"
"Refurb Factory, LLC",301-799-8385,,"Alexandria, VA 22304",Distributor,"Distributor of computers and related supplies. Products include laptops, notebooks, desktop computers, computer displays, electronic components, multimedia devices, power supplies, printers, storage components, software, networking systems, communication systems, cables, docking stations, keyswitches, stands, cabinets and security devices.",,,Under $1 Mil,1-9  Employees,"Digital Communication Systems
Communication Equipment: Digital


Communication Systems","All Products / Services

Batteries
Chargers
Communication Systems
Computer Accessories
Computer Accessories
Computers
Displays
Electronic Components


Electronics
Hardware
Monitors
Network Equipment
Power Supplies
Printers
Software
Telephones"
"WyJen Technologies, Incorporated",800-490-4165,,"Fruit Cove, FL 32259",Manufacturer,"Manufacturer of electronic components. Products include transmitters, receivers, transceivers, digital signal, communication and wireless embedded systems. Applications include digital signal processing, radio frequency, digital and mixed signal technologies. Design, consulting and training services on products such as wireless systems, printed circuit boards, embedded software and hardware are available.",,,Under $1 Mil,1-9  Employees,"Digital Communication Systems


Communication Systems","All Products / Services

Communication Systems
Electronic Components
Embedded Systems
Receivers


Robots
Software
Transceivers
Transmitters"
"Data Check Video, Inc.",805-517-1907,,"Moorpark, CA 93021",Manufacturer,"Manufacturer of monitors. Products include video monitors, HDTV monitors, LCD monitors, audio monitors, two pack, three pack and four pack models. Markets served include industrial, commercial and government.",,,Not Available,Not Available  Employees,"Digital Communication Systems


Communication Systems","All Products / Services

Communication Systems
Displays


Monitoring Systems
Monitors"
Ultra Electronics Ocean Systems,781-356-3276,,"Braintree, MA 02184",Manufacturer,"Manufacturer of undersea defense electronics equipment and systems for defense sector. Products include torpedo defense systems, acoustic countermeasures, underwater communication systems, transducers, sonar, RF devices and systems and sensors.",,,Not Available,Not Available  Employees,"Digital Communication Systems
Communication & Connectivity Devices
Communication Equipment
Communication Systems


Communication Systems: Satellite
Communication Systems: Underwater
Military Communication Systems","All Products / Services

Arrays
Buoys
Communication Systems
Countermeasures
Electrical Equipment
Electronic Components
Electronics


Hydrophones
Sensors / Detectors / Transducers
Telephone Systems
Telephones
Torpedoes
Transmitters"
Digital Broadcast,352-377-8344,https://www.digitalbcast.com/,"Gainesville, FL 32606",Manufacturer,"Manufacturer of digital broadcasting systems. Products include gateways, servers, communication networks, conforming engines, recorders, automated newsrooms and archivers.",,,Not Available,Not Available  Employees,"Digital Communication Systems
Communication Equipment: Digital
Communication Systems


Communication Systems: Broadcasting
Communication Systems: Wireless","All Products / Services

Archive Systems
Broadcasting Equipment
Communication Systems
Gateways


Monitoring Systems
Networks
Recorders
Servers"
"DTEL Communications, Inc.",972-490-0120,http://dtelinc.com,"Dallas, TX 75224",Turnkey Systems Integrator,Design and installation of communication systems. Products include communication servers and telephony systems.,,,Not Available,Not Available  Employees,"Digital Communication Systems
Command, Control & Communications Systems
Communication Equipment


Communication Equipment: Digital
Communication Systems
Data Communication Equipment & Systems","All Products / Services

Communication Systems
Integration Services
Servers


Telephone Systems
Telephones"
"ONE WORLD TECHNOLOGIES, INC.",561-414-7650,https://www.oneworldtech.com/,"Venice, FL 34285",Turnkey Systems Integrator,Systems integrator of digital video systems for broadcasting industries. Products include digital television and telecommunication systems.,,,Not Available,Not Available  Employees,"Digital Communication Systems
Communication & Connectivity Devices
Communication Equipment


Communication Equipment: Digital
Communication Systems","All Products / Services

Broadcasting Equipment
Communication Systems
Integration Services


Telecommunications Equipment
Televisions"
"iGov Technologies, Inc.",703-356-1160,https://www.igov.com/,"Reston, VA 20191 | Locations",Turnkey Systems Integrator,"Designer, manufacturer and installer of mission-critical systems for federal government agencies. Products include multi-platform tactical systems.",,,Not Available,Not Available  Employees,"Digital Communication Systems
Command, Control & Communications Systems
Communication Systems
Communication Systems & Radios: Tactical
Communication Systems: Mobile Voice


Communication Systems: Wireless
Data Communication Equipment & Systems
Data Communication Systems: Wireless
Military Communication Systems
Wireless Communication Systems: Government","All Products / Services

Communication Systems
Computers
Controls and Controllers
Hardware


Integration Services
Management Systems
Network Equipment
Networks"
Genexod,801-697-6557 (fax),https://genexod.com/,"Chagrin Falls, OH 44022",Manufacturer,Software products and services for the senior living industry. Products include scheduling and payroll software.,,,Not Available,Not Available  Employees,"Digital Communication Systems


Communication Systems","All Products / Services

Communication Systems
Digital Signage Services


Mass Notification Systems
Software"
VUGate,210-614-3485 (fax),http://www.vugate.com,"San Antonio, TX 78240",Manufacturer,"Designs, manufactures, markets and supports video communication systems for corrections, education, and defense industries. Products include digital codecs, superhubs, adapters and remote stations.",,,$1 - 4.9 Mil,10-49  Employees,"Digital Communication Systems
Command, Control & Communications Systems


Communication Equipment: Digital
Communication Systems","All Products / Services

Adapters
Audio Visual (AV) Equipment
Communication Systems
Decoders


Encoders
Hubs
Software"
"ANTOP Antennas, Inc.",909-947-8883,https://antopusa.com/,"Ontario, CA 91761",Manufacturer,"Manufacturer of antennas and related accessories. Products include HDTV and radio antennas, antenna mounts, signal splitters, amplifier kits and coaxial cables.",,,Not Available,Not Available  Employees,"Digital Communication Systems
Communication & Connectivity Devices
Communication Equipment


Communication Equipment: Digital
Communication Systems
Communication Systems: Wireless","All Products / Services

Amplifiers
Antennas
Communication Systems
Electric Wire, Cable and Cable Assemblies


Hardware
Mounts
Splitters"
"MKJ Communications, Inc.",212-206-0072,https://mkjcomm.com/,"New York, NY 10013",Turnkey Systems Integrator,"Design and integration of communication systems for commercial and industrial sectors. Products include CCTV, card access, security, telephone and video conferencing systems.",,,$5 - 9.9 Mil,10-49  Employees,"Digital Communication Systems
Communication Equipment
Communication Equipment: Digital


Communication Systems
Communication Systems: Wireless","All Products / Services

Cameras
Cards
CCTV Equipment
Communication Systems
Controls and Controllers


Integration Services
Integrators
Networks
Telecommunications Equipment"
"Vocera Communications, Inc.",800-331-6356,https://www.vocera.com/,"San Jose, CA 95126",Manufacturer,"Manufacturer of communication systems. Products include mobile voice and wireless communication systems and badges, alarm management and analytics software.",,,$50 - 99.9 Mil,200-499  Employees,"Digital Communication Systems
Command, Control & Communications Systems
Communication & Connectivity Devices
Communication Equipment
Communication Equipment: Digital


Communication Systems
Communication Systems: Mobile Voice
Communication Systems: Wireless
Wireless Communication Systems: Government","All Products / Services

Badges
Communication Systems


Software"
Red Rapids,972-671-9570,https://www.redrapids.com/,"Richardson, TX 75081",Manufacturer,"Manufacturer of signal processing and data communications solutions. Products include digital transceivers, RF converters, FPGA based ADC/DAC, signal recorders and software defined radio components.",,,Under $1 Mil,1-9  Employees,"Digital Communication Systems
Communication Systems


Data Communication Equipment & Systems
Data Communication Systems: RF","All Products / Services

Communication Systems
Connectors
Converters
Generators
Instruments


Processors
Recorders
Signals
Transceivers"
"First Signal, LLC",770-988-8744,https://www.firstsignal.com/,"Marietta, GA 30067",Turnkey Systems Integrator,Manufacturer of healthcare systems. Products include custom designed communications systems with installation and support. Other products include access control systems and security cameras.,,,Not Available,Not Available  Employees,"Digital Communication Systems
Audio Communication Systems
Command, Control & Communications Systems


Communication Systems
Communication Systems: Wireless","All Products / Services

Cameras
Communication Systems
Controls and Controllers


Installation Services
Security Systems"
"OnTime Networks, LLC",214-800-2054,https://ontimenet.com/,"Dallas, TX 75206",Manufacturer,"Manufacturer of rugged ethernet solutions for aerospace and defense applications. Products include network switches, PTP network clocks and network management tools.",,,Under $1 Mil,1-9  Employees,"Digital Communication Systems
Communication & Connectivity Devices
Communication Equipment
Communication Equipment: Digital
Communication Products, Components & Systems


Communication Systems
Communication Systems: Wireless
Data Communication Equipment & Systems
Data Communication Systems: Wireless","All Products / Services

Communication Systems
Controls and Controllers
Electronics
Hardware


Management Systems
Network Equipment
Software
Switches"
OneScreen,858-552-0290,https://www.onescreensolutions.com,"San Diego, CA 92126",Manufacturer,"Manufacturer of video conferencing products. Selection includes video conferencing software, touchscreens and video walls.",,,Not Available,Not Available  Employees,"Digital Communication Systems
Communication & Connectivity Devices


Communication Equipment
Communication Systems","All Products / Services

Communication Systems
Conferencing Equipment
Displays


Screens
Software
Telecommunications Equipment"
"CJ Component Products, LLC",877-345-8161,http://www.cjcomponents.com,"Oakdale, NY 11769",Manufacturer,"ISO 9001:2000 certified manufacturer of military equipment & supplies. Products include antennas, handsets, headsets, loudspeakers, panels, microphones, field telephones, helmets, cable assemblies, wires, communication consoles, switches, radio sets, masts, markers, helicopter parts & accessories, locomotive parts, telephone generators, controls & cords. Communication systems, digital audio systems & encryption systems are available. Contract manufacturing services are available for automotive & electromechanical assemblies & plastic molds. Capabilities include injection molding & co-development & production. Products are suitable for military applications.","CJ has years of experience in the manufacturing and logistical service of military electronics and communication equipment. After producing the components for the AN/VIC-1 vehicle intercom system in the 1980s, it seemed like a normal progression to supply the cabling and audio products associated with military vehicular communication systems. Today, we have complete product lines of handsets, headsets, microphones and speakers, as well as cable assemblies and cabling products and our original product line of communication systems that made us the quality company we are today.

CJ maintains production facilities just outside of Ft. Wayne, Indiana, while having offices just east of New York City. We maintain co-operation agreements with our tool and die /injection molding partners in Ft. Wayne. Most of the support or sub-contract facilities used by CJ are located within driving distance of our production facility or offices. This gives us the ability to take care of our own tooling for the More... components we manufacture. We also maintain extensive inventories on the systems we support. All of this enables us to perform at a high level of productivity and on-time performance.

 CJ supports the standard range of tactical audio components. Our specialty, however, comes in the form of engineering our product line to meet your specification needs for your radio system. Products are upgraded, new technologies are added and new products are developed. Examples of this are our newest line of handsets with crypto capability as well as a complete range of handsets and headsets with electret microphones. CJ has a state-of-the-art modern production facility for our audio products. The microphone and earphone elements as well as the PTT switch assemblies are completely manufactured in-house. Latest audio end electrical test equipment is used and each product on average is tested up to four times during assembly. Services not done in-house, such as tool & die and injection molding, are performed locally with partners. All this gives us the ability to control the quality standards we strive for and the on-time delivery the customer demands. In March of 2001, CJ Components completed setting up its quality control systems and procedures to meet the specifications of ISO9001/2000. In June of 2001, we were audited and became a certified and registered ISO 9001/2000 firm. Less",,$1 - 4.9 Mil,10-49  Employees,"Digital Communication Systems
Audio Communication Systems
Command, Control & Communications Systems
Communication Components & Subsystems
Communication Products, Components & Systems


Communication Systems & Radios: Tactical
Communication Systems: Mobile Voice
Communication Systems: RF
Communication Systems: Two-Way
Communication Systems: Underwater

View all Communication Systems categories","All Products / Services

Adapters
Aircraft Parts
Alarms
Antennas
Assemblies
Audio Visual (AV) Equipment
Bases
Boards
Booms
Clamps


Communication Systems
Connectors
Consoles
Consulting Services
Controls and Controllers
Diaphragms
Dies
Disaster Preparedness Supplies
Displays
Distribution Systems

View all products / services offered"
Saltillo Corporation,800-382-8622,https://saltillo.com/,"Millersburg, OH 44654",Manufacturer,Manufacturer of speech-generating devices for adults and children. Products include communication devices and software.,,,Not Available,Not Available  Employees,"Digital Communication Systems
Communication & Connectivity Devices
Communication Equipment
Communication Equipment: Digital


Communication Products, Components & Systems
Communication Systems
Communication Systems: Wireless","All Products / Services

Communication Systems"
"High Sierra Communications, Inc.",775-841-1200,http://www.highsierracomm.com,"Carson City, NV 89704-9317",Service Company,Digital microwave relay network services,,,Under $1 Mil,1-9  Employees,Digital Communication Systems,"All Products / Services

Communication Systems
Microwave Equipment


Relays"
Midwest Wireless,800-829-8255,,"Mankato, MN 56002-4069",Service Company,Wireless telecommunications services,,,$250 Mil. and over,500-999  Employees,Digital Communication Systems,"All Products / Services

Communication Systems
Internet Services


Telecommunications Services
Transmitters"
Garden State Liquidators,,,"Manalapan, NJ 07726",Distributor,"Distributor of new, pre-owned and refurbished networking equipment. Products include network switches, IP phones, routers, platforms, ethernet access and aggregation devices.",,,Not Available,1-9  Employees,"Digital Communication Systems
Communication Equipment
Communication Products, Components & Systems


Communication Systems
Communication Systems: Fiber Optic","All Products / Services

Communication Systems
Controls and Controllers
Hardware
Management Systems
Network Equipment


Networks
Platforms
Routers
Switches"
Telwest,719-442-1999,,"Colorado Springs, CO 80919",Service Company,"Service Company Designs & Installs Communication Systems That Store, Handle, Protect, & Transport Data Types Such As Voice, Data, Video, Audio, & Streaming Media.",,,$1 - 4.9 Mil,1-9  Employees,"Digital Communication Systems


Communication Systems","All Products / Services

Communication Systems"
GLK Communications,877-978-3411,,"New Berlin, WI 53151",Manufacturer,"Manufacturer of communications equipment. Products include drive-thru communications systems, digital message greeters, wireless communications systems and headsets.",,,Under $1 Mil,1-9  Employees,"Digital Communication Systems
Audio Communication Systems
Communication & Connectivity Devices
Communication Equipment


Communication Equipment: Digital
Communication Systems
Communication Systems: Two-Way
Communication Systems: Wireless","All Products / Services

Audio Visual (AV) Equipment
Communication Systems
Disaster Preparedness Supplies
Electric Wire, Cable and Cable Assemblies
Fire Fighting Electronics
Headsets


Hurricane Response
Posts
Radios
Speakers
Stations
Wildfire Response"
Diga-Talk,888-404-2337,,"Joliet, IL 60432",Manufacturer,"Manufacturer and distributor of digital communication systems. Products include wide area communication networks, dispatch radios and walkie-talkies.",,,Not Available,Not Available  Employees,"Digital Communication Systems
Audio Communication Systems
Communication & Connectivity Devices
Communication Equipment
Communication Equipment: Digital


Communication Systems
Communication Systems: Digital Distribution
Communication Systems: Two-Way
Communication Systems: Wireless","All Products / Services

Communication Systems
Disaster Preparedness Supplies
Fire Fighting Electronics
Hurricane Response


Networks
Radios
Telecommunications Equipment
Wildfire Response"
Pathfire,888-345-0489,,"Roswell, GA 30076",Distributor,"Distributor of digital media distribution & management services to the television, media & entertainment industries.",,,Under $1 Mil,100-199  Employees,Digital Communication Systems,"All Products / Services

Communication Systems"
