Company name,Phone number,website (Homepage),Location,Company type,Company Description by Thomasnet,Company Description by the company,Linkedin URL,Annual Sales:,No of Employees:,MANUFACTURING SERVICES,ALL PRODUCTS / SERVICES
"Keller America, Inc.",888-466-1079,https://www.kelleramerica.com/,"Newport News, VA 23606",Manufacturer,"Manufacturer of OEM, level, pressure and temperature instruments and components such as sensors, transmitters, transducers, loggers and gages. Optional accessories such as assemblies, fittings, hangers, enclosures and protectors are available. Serves the oil and gas reservoir, migrating marine mammals, medical devices and commercial aircraft industries.","Keller is a world leading manufacturer of pressure measurement instrumentation. From pressure sensors to completed transmitters, autonomous level loggers, and digital pressure gauges, Keller instruments provide proven, reliable, high accuracy solutions for applications in aerospace, automotive, oil & gas, defense, water, wastewater, groundwater, food and beverage, oceanographic, pharmaceutical, and medical industries. 

Keller America is the North American subsidiary of KELLER AG für Druckmesstechnik, and is tasked with providing local market sales on support for all Keller products. Keller America also houses a state of the art manufacturing facility for production of several versatile level and pressure transmitters, built to your specifications in only 3 short business days.",www.linkedin.com/company/keller-america-inc.?trk=biz-companies-cyf,$5 - 9.9 Mil,10-49  Employees,"Indicators: Pressure, Digital
Indicators
Indicators: Aircraft
Indicators: Digital
Indicators: Gas


Indicators: Liquid
Indicators: Liquid Level
Indicators: Loop Powered
Indicators: Pressure
Indicators: Tank

View all Indicators categories","All Products / Services

Sensors / Detectors / Transducers
Gages
Transmitters
Calibrators
Cold Chain Equipment
COVID-19 Response
Data Collection Systems
Data Loggers
Indicators
Instruments


Intrinsically Safe Products
Logging Equipment
Measuring Equipment
Medical Components
Medical Products and Hospital Equipment
Thermometers
Tier 2 Medical Mfg. Supplies, Materials, Components & Services
Transponders
Vaccine Cold Chain Supplies and Logistics"
Ryan Herco Flow Solutions (HQ),888-201-3597,https://www.rhfs.com,"Burbank, CA 91504 | Locations",Distributor,"Distributor of flow and fluid handling equipment and supplies. Fluid handling equipment includes pumps, storage tanks, treatment systems, filters, heaters, mixers, pipes, tubes and valves. Flow measuring products such as indicators, switches, meters, sensors, level controllers and pressure and temperature gauges offered. Chamfering, deburring, flaring, pipe cutting and tubing tools and hose and tube fittings available. Also custom manufactures waste pumping stations, pump lift control panels, fume hoods and fabricated and neutralization tanks. Serves the water, wastewater, microelectronic, life science, metal and surface finishing, food, beverage, aquatic, life support, construction and specialty chemical industries. Stock items available. 24/7, pump repair, export and material identification services provided. Same day shipping.","Ryan Herco Products is a leading distributor of corrosion-resistant fluid flow products in the United States, employing over 300 people. Our regularly published Product Guide can be found on desks throughout the world helping people specify their fluid-flow requirements. With a growing number of service centers located throughout the U.S., we are a company keeping pace with the increasing needs of our customers.",,$250 Mil. and over,200-499  Employees,"Indicators: Pressure, Digital
Indicators
Indicators: Conductivity
Indicators: Dwyer
Indicators: Flow


Indicators: Liquid
Indicators: Liquid Level
Indicators: Oxygen
Indicators: Partlow
Indicators: pH

View all Indicators categories","All Products / Services

Treatment Equipment
Filters
Tanks
Pumps
Plant Equipment
Flowmeters
Scrubbers
Controls and Controllers
Lifts
Mixers


Stations
Water
Actuators
Adapters
Adhesives
Air Filtration Equipment & Supplies
Alarms
Analyzers
Angles
Anodizing Equipment

View all products / services offered"
"Ashcroft, Inc.",855-784-9762,https://www.ashcroft.com/,"Stratford, CT 06614",Manufacturer,"ISO 9001:2015, 14001:2015 and 17025:2017 certified. Manufacturer of pressure and temperature calibration, testing and measuring equipment. Products include digital/differential pressure gauges, transducers, transmitters, thermometers, thermowells, pressure/temperature switches, panel meters, test instruments, diaphragm seals, instrument isolators and mechanical gauge accessories. Types of thermometers include bimetal, gas actuated and digital thermometers. Test instruments such as digital pressure indicators, vacuum/pressure pumps and controllers, hydraulic testers and comparators are also offered. Serves the oil and gas, water and wastewater, chemical, power, HVAC/R, pharmaceutical, medical, food and beverage and semiconductor industries. RoHS and REACH compliant. CE certified. CSA approved. UL listed.","Ashcroft is a leading source of pressure and temperature instrument solutions for critical process and industrial/OEM (original equipment manufacturer) applications across the globe. Our extensive industry experience and customer-driven approach allow us to provide solutions that fully accommodate the needs of your critical processes and applications ensuring accurate and safe operations. 

Ashcroft maintains a worldwide network of manufacturing facilities, sales offices, local representatives and distributors. With pressure gauges, thermometers, transducers, transmitters, pressure and temperature switches, calibration equipment, recorders and other instruments to suit virtually every application, our trademarks Ashcroft®, Heise®, Rueger®, Stiko, Weksler® and Willy® have set the standard worldwide for accuracy, quality and dependability.

The continuing commitment of our people to this widespread network ensures that the service and application expertise you need to maintain More... safety and performance in your installation is always available when and where you need it. Less",www.linkedin.com/company/ashcroft-inc-/,$100 - 249.9 Mil,1000+  Employees,"Indicators: Pressure, Digital
Indicators
Indicators: Digital
Indicators: Electronic
Indicators: Gas


Indicators: Pressure
Indicators: Temperature
Indicators: Test
Instruments: Flow Recording & Indicating
Instruments: Recording & Indicating","All Products / Services

Sensors / Detectors / Transducers
Switches
Instruments
Thermometers
Gages
COVID-19 Response
Measuring Equipment
Medical Products and Hospital Equipment
Thermowells & Protection Tubes
Adapters


Calibrators
Comparators
Contacts
Controls and Controllers
Dampers
Dials
Fittings
Hydraulic Equipment
Indicators
Isolators

View all products / services offered"
Furness Controls,888-318-6156,https://www.furness.com/us/,"Indian Trail, NC 28079",Manufacturer,"ISO 9001:2015 certified manufacturer of leak detectors, flow measurement, differential pressure instruments and calibrators. Products also include flow meters, low pressure transmitters, transducers and micromanometers. Capabilities include calibration and repair services. Serves the aerospace, automotive, gas, medical, plumbing and energy industries.","Furness Controls is associated with and provides a complete sales, service and calibration facility for the Furness Controls Limited product line in the United States and Canada. This world leading product line includes production line leak detectors, flow meters, low pressure transmitters, transducers, calibrators, micro manometers, and a fundamental primary standard for ultra-low pressures.

Furness Controls is the industry leader in ultra low-pressure measurement. With our unique fundamental primary standard (.000004 to 160"" H2O) we are able to achieve the best accuracy at the lowest pressures in the industry.

The unique design of the Furness Controls manufactured transducer is what gives us the edge on resolution, accuracy, repeatability and speed in our production line leak detectors. With over 45 years experience the Furness Controls products cannot be out performed in our market.",,Under $1 Mil,1-9  Employees,"Indicators: Pressure, Digital
Indicators
Indicators: Air Velocity
Indicators: Digital
Indicators: Flow


Indicators: Leak
Indicators: Leak, Liquid
Indicators: Pressure
Indicators: Temperature
Indicators: Transducer

View all Indicators categories","All Products / Services

Sensors / Detectors / Transducers
Calibrators
Flowmeters
Calibration Services
Testers
Transmitters
Gages
COVID-19 Response
Indicators
Instruments


Laboratories
Laboratory Equipment
Maintenance and Repair Services
Measuring Equipment
Medical Laboratory Consumable Supplies
Medical Products and Hospital Equipment
Meters
Monitors
Testing Services
Tubes

View all products / services offered"
"Transducer Techniques, LLC",888-345-6618,https://www.transducertechniques.com/,"Temecula, CA 92590",Manufacturer,"Manufacturer of load cells, torque sensors, and load cell display and signal conditioning instrumentation. Products include button, through-hole, beam, and miniature load cells, reaction and rotary torque sensors, digital panel meters, hand-held indicators, bench top and multi-channel amplifiers, and high- and low-voltage transmitters. Available in variety of models, specifications, and features with plug and play options. Also offers data software and electrical and mechanical load cell accessories. Provides calibration and repair services. Products are available with 1-year limited warranty and 90-day repair warranty. Made in USA.","About Transducer Techniques

Transducer Techniques, LLC established in 1979, designs and manufactures a complete line of load cells, torque sensors, special purpose transducers and related instrumentation. Transducer Techniques, LLC load cells are uniquely designed for weighing and force measurement in such diversified applications as process control, factory automation plus hundreds of other services in every field of science and industry. All transducer sensing elements incorporate bonded foil strain gages wired in a full wheatstone bridge configuration. 

Load cells are electro-mechanical transducers that translate force or weight into voltage. This change in voltage produces, in the read-out instrumentation, a repeatable deflection or indication that can be calibrated directly in terms of the load applied to the cell. 

An important asset of our load cells is their extremely small deflection. The maximum deflection of standard cells does not exceed .012"" at full load. This plus the fact More... that these load cells contain no moving parts, opens unlimited application fields. The inherent compactness of the cells minimizes installation problems. 

 The frequency response characteristics of our load cells are exceptionally good. The relatively low mass, and the small deflection under load, result in a high frequency response which emphasizes use of the cells in many services where other transducers cannot perform. Less",,Under $1 Mil,10-49  Employees,"Indicators: Pressure, Digital
Crane Load Indicators
Indicators
Indicators: Digital
Indicators: LED


Indicators: Load
Indicators: Pressure
Indicators: Process Control
Indicators: Strain Gauge
Indicators: Tension

View all Indicators categories","All Products / Services

Cells
Sensors / Detectors / Transducers
Gages
Adapters
Amplifiers
Bearings
Blocks
Boxes
Brackets
Buttons


Calibrators
Clevises
Clips
Cold Chain Equipment
Conditioners
Connectors
Covers
COVID-19 Response
Data Acquisition Systems
Data Collection Systems

View all products / services offered"
Acrolab Ltd.,844-517-1296,https://www.acrolab.com/,"Windsor, ON N8S2B7 | Locations",Manufacturer,"Manufacturer of standard and custom temperature sensors, heaters, Isobar heat pipes, platens, protection tubes and thermocouples. Also, distributes mold sprays and degreasers. Accessories include lead wire, mold insulation boards, connectors, cables, fiberglass tapes, thermocouple plugs, jacks and nozzle manifold seal rings. Services such as research, development, thermal analysis and engineering provided. Serves the automotive, aerospace, filament winding, pultrusion processing, packaging, sealing system and injection molding industries. CGP registered.","By understanding thermodynamics Acrolab has developed exclusive isobar technology for the plastics, rubber, composites, and electronics, industries; with applications ranging from pultrusion, extrusion, injection, RTM, plastic welding, sealing, thermoforming, compression, filament winding, electronics cooling, and many more. 

Since 1948 Acrolab has been offering products and design support for: heaters, thermocouples, RTDs, thermal tooling simulations, tooling insulation, and Isobar heatpipes. Allow our exclusive technologies and vast thermal experience get you ahead of the curve.

Thermal Engineering Firm Acrolab Ltd designs and supplies thermal products, solutions and turnkey systems from tool heating and/or cooling design, to system integration design; and everything in between.",www.linkedin.com/company/acrolab-ltd./,Not Available,10-49  Employees,"Indicators: Pressure, Digital
Indicators
Indicators: Electronic


Indicators: Pressure
Indicators: Process Control
Indicators: Temperature","All Products / Services

Panels
Heaters
Thermocouples
Elements
Sensors / Detectors / Transducers
Controls and Controllers
Packaging Machinery
Electric Wire, Cable and Cable Assemblies
Pipes
Sealing Services
Thermowells & Protection Tubes
Actuators


Adapters
Additive Manufacturing Services
Agents
Analyzers
Bagging Machinery
Bars
Blocks
Boots
Clamps
Cleaning Compounds and Chemicals
Compounds
Connectors

View all products / services offered"
"PCE Americas, Inc.",844-842-6529,https://www.pce-instruments.com/f/t/us/main.htm,"Jupiter, FL 33458",Manufacturer,"Manufacturer of instruments and related products for commercial, industrial, university and research institution applications. Selection includes analytical, baby, basis weight, carat, compact portable, gold, GSM, jewelry, pharmacy, precision, spring, weighing, moisture, electronic and laboratory balances, animal weighing, approved, hand pallet truck, hanging, health, HGV, benchtop, bench counting, parcel, part counting, portioning, platform, dual display, checkweighing, controlling, container, crane, livestock, system, shipping, table top, trade approved, washdown, floor and lifter scales, measuring instruments and laboratory equipment.",,,Under $1 Mil,1-9  Employees,"Indicators: Pressure, Digital
Indicators
Indicators: Digital
Indicators: Frequency


Indicators: Pressure
Indicators: Process Control
Indicators: Temperature
Instruments: Recording & Indicating","All Products / Services

Flowmeters
Borescopes
Measuring Equipment
Cold Chain Equipment
Data Loggers
Meters
Vaccine Cold Chain Supplies and Logistics
Analyzers
Cameras
Instruments
Photometers


Scales
Accelerometers
Gages
Magnetometers
Alarms
Anemometers
Balances
Beams
Calibration Services
Calibrators
Cells

View all products / services offered"
HydraCheck,866-984-5253,https://www.hydracheck.com/,"Salt Lake City, UT 84119",Distributor,"Distributor of diagnostic instruments. Products include accumulator products, diagnostic kits, diagnostic quick disconnects, flow products, gauge port adaptors, hose/tube cleaning products & identification kits. Oil sampling products, pressure/leak products, pressure test products, safety products, temperature products, tachometers & stroboscopes are also available. Accumulator test products include accumulator charge assembly & accumulator charge kit. Diagnostic quick disconnects such as pressure test connectors, direct gauge adaptors, hose unions, hose/gauge bulkhead adaptors, microbore hoses, diagnostic nipples, diagnostic test couplings, snap-check test nipples & snap-check test couplings are available. Flow meter test products include basic inline flow meters, flow meter test kits & digital flow test products. Pressure test products such as pressure gauges, vacuum gauges & digital pressure gauges are available.",,,Under $1 Mil,1-9  Employees,"Indicators: Pressure, Digital
Indicators
Indicators: Digital
Indicators: Electronic
Indicators: Flow


Indicators: Liquid
Indicators: Pressure
Indicators: Speed
Indicators: Temperature
Indicators: Test

View all Indicators categories","All Products / Services

Flowmeters
Gages
Adapters
Connectors
Couplers and Couplings
Elbows
Fittings
Nipples
Plugs and Stoppers
Unions


Multimeters
Testers
Analyzers
Assemblies
Books
Bottles
Capsules
Cells
Cleaning Compounds and Chemicals
Cleaning Equipment

View all products / services offered"
"B & B Instruments, Inc.",800-347-9008,https://www.bbinstruments.com/,"Indianapolis, IN 46220 | Locations",Distributor,"Distributor of measurement, control and calibration equipment for pressure, temperature, flow, humidity and level instruments. Products include gages, sensors, switches, transducers, detectors, boosters, calibrators, thermometers, thermocouples, flowmeters, controllers, seals, thermowells, scanners, positioners and recorders. Testers, filters, monitors, totalizers, tachometers, nozzles, indicators, enclosures, strainers, unions, orifices, filter bags, analyzers, digital indicating meters, data loggers and modules are also offered. Suitable for water, wastewater, natural gas, power generation, metal milling, transportation, plastic forming, packaging, compressor, pump, OEM, research and development applications. Serves the pharmaceutical, petroleum, agricultural, government, food and beverage industries. Some instruments are CE certified, CSA approved and UL listed.",,,Not Available,Not Available  Employees,"Indicators: Pressure, Digital
Indicators: Dry Material Level
Boiler Water Level Indicators
Indicators
Indicators: Air Velocity


Indicators: Bin Level
Indicators: Digital
Indicators: Dwyer
Indicators: Electronic
Indicators: Flow

View all Indicators categories","All Products / Services

Sensors / Detectors / Transducers
Gages
Thermocouples
Cold Chain Equipment
Data Loggers
Vaccine Cold Chain Supplies and Logistics
Bags
Indicators
Regulators
Thermometers


Aerators
Annunciators
Blocks
Boosters
Calibration Services
Calibrators
Computers
Conditioners
Controls and Controllers
Converters

View all products / services offered"
Mod-Tronic Instruments Limited,800-794-5883,https://www.mod-tronic.com/,"Brampton, ON L6T5G1",Distributor,"Supplier & stocking distributor of instruments for industrial, process, medical, military, aerospace, building automation, HVAC & rotating machinery applications. Products include alarm trips, analog meter relays & panel meters, bi-metal thermostats, rotating electrical connectors, multi-channel, temperature, process, power & rotary speed controllers, current sensors, transducers, switches & transformers, data acquisition recorders, pressure gauges & transmitters, electrical power measurement, flexible circuits & heaters, handheld instruments, humidity sensors, transmitters & switches, infrared temperature sensors, scanners & thermal switches, loop power supplies, magnetic pickups, manometer, mercury contactors, position transducers, resistance temperature detectors (RTDs), signal conditioners & isolators, slip rings, solid state relays, speed switches, square root extractors, tachometers, temperature indicators, temperature & process monitors, thermocouples, timers & valve positioners.","When quality and performance are as important as price... You can count on our proven brands!

This has been our company motto since 1972 and 50 years later we pride ourselves more than ever on providing our customers with quality products at competitive prices.

We are an authorized stocking distributor of 14 leading manufacturers (Absolute Process Instruments, Camille Bauer, Cecomp Electronics, Dwyer, Dynalco, Exergen, Love Controls, Mercotac, Minco, Shinko, Simpson, Veris) of industrial/commercial sensors, transducers, heaters, flex-circuits and instrumentation. We are very proud to say that the majority of the products we sell are Made in the USA.

Our sales force has over 80 years of combined experience solving our customers unique and diverse application challenges. We have earned a valued reputation in our industry for working with our customers. We take the time necessary to fully understand your application, analyze your requirements and offer you the correct products at competitive More... prices.

 We stock thousands of catalog items for same day shipment to anywhere in North America and most countries around the world. Don't see the exact product you require? Tell us what you need, most of our manufacturers offer custom built solutions to meet your exact requirements.

 Thank you for taking the time to learn more about our company. We are proud of the excellent products and service that we offer and we would appreciate the opportunity to work with you and your company. Less",www.linkedin.com/company/2854259,$1 - 4.9 Mil,1-9  Employees,"Indicators: Pressure, Digital
Indicators
Indicators: Battery Discharge
Indicators: Combustible Gas
Indicators: Combustion


Indicators: Conductivity
Indicators: Current
Indicators: Digital
Indicators: Dwyer
Indicators: Electric, Temperature

View all Indicators categories","All Products / Services

Sensors / Detectors / Transducers
Heaters
Actuators
Adapters
Alarms
Amplifiers
Automation Systems
Automotive Parts
Barriers
Calibrators


Cells
Circuits
Cold Chain Equipment
Conditioners
Connectors
Contactors
Controls and Controllers
Counters
COVID-19 Response
Data Acquisition Systems

View all products / services offered"
Vacuum Research Corporation,800-426-9340,https://www.vacuumresearch.com/,"Pittsburgh, PA 15222",Manufacturer,"Manufacturer of vacuum products including pumps, flanges, valves, gauges, and manometers. Other products such as clamps, adapters, reducers, elbows, tees, filters, sorbents, traps, and nipple fittings are also available. RoHS compliant.","About Vacuum Research Corp.

Vacuum Research Limited has over 50 years of experience manufacturing quality products for High Vacuum applications. We offer oil-free vacuum pumps, rotary vane vacuum pumps; pirani, thermocouple, diaphragm, convection gauges; and stainless steel and aluminum high vacuum valves. Our products are supported by full warranties and VRL's commitment to customer service and satisfaction.",,$5 - 9.9 Mil,10-49  Employees,"Indicators: Pressure, Digital


Indicators","All Products / Services

Pumps
Absorbers
Adapters
Bell Jars
Bellows
Caps
Chambers
Clamps
Controls and Controllers
Crosses
Cylinders
Elbows
Eliminators
Filters


Fittings
Gages
Hose
Indicators
Instruments
Jars
Lubricants
Measuring Equipment
Meters
Monitors
Nipples
Oils
Rings
Switches

View all products / services offered"
"ARCO Engineering, Inc.",888-567-5936,https://www.arcoengineering.com/,"Louisville, KY 40213-2174",Distributor,"Distributor of pressure, temperature & liquid level instrumentation, instrument valves & safety relief valves. Products include calibration instruments, instrument hand valves & manifolds, heat tracing cables & heaters, pneumatic regulators, volume boosters & transducers. Products such as pressure & temperature gauges, pitot tubes, pulsation snubbers, backflow test kits, cryogenic liquid gauges, pressure & temperature switches, pressure transmitters, thermocouples & RTDs & diaphragm seals are available. Markets served include chemical/refining, power, natural gas, waste water, food & OEM machinery. Repair & calibration, NIST certification & capillary fabrication services are available.",,,$1 - 4.9 Mil,1-9  Employees,"Indicators: Pressure, Digital
Indicators
Indicators: Current
Indicators: Digital
Indicators: Flow


Indicators: Loop Powered
Indicators: Pressure
Indicators: Process Control
Indicators: Temperature","All Products / Services

Adapters
Alarms
Annunciators
Blades
Blocks
Blowers
Boards
Boosters
Boxes
Calibration Services


Calibrators
Caps
Certification Services
Clamps
Computers
Controls and Controllers
Converters
Dampers
Electric Wire, Cable and Cable Assemblies
Engineering Services

View all products / services offered"
ABB E-mobility,901-252-5000,https://new.abb.com/ev-charging,"Memphis, TN 38120",Manufacturer,"Manufacturer of control room solutions, electrical vehicle charging infrastructure, low or medium voltage and metallurgy products, measurement or analytical instruments, generators, PLC automation, power converters or inverters, mechanical power transmission, robotics, electrical, wire and cable management products. Relays, analyzers, transmitters, sensors, drives, switches, stirrers, stabilizers, isolators, plugs, inlets, fittings, actuators, cabinets, software, weighing, automation or modular systems, conveyors, lights, computers, motors, suppressors, enclosures, dispensers, conduits, bumpers, thermometers, circuit breakers, controls and controllers are also offered. Lifecycle management, engineering, consulting, installation, maintenance, replacement and training services are also provided. Serves the automotive, chemical, data center, marine, metal, food, beverage, mining, power generation or distribution, solar power, printing, cement, automation, aluminum, printing, water, pulp and paper industries.",,,Not Available,Not Available  Employees,"Indicators: Pressure, Digital
Indicators
Indicators: Digital
Indicators: Electronic
Indicators: Flow


Indicators: Pressure
Indicators: Remote Reading
Indicators: Temperature
Indicators: Time/Temperature
Instruments: Flow Recording & Indicating

View all Indicators categories","All Products / Services

Actuators
Adapters
Analyzers
Atomizers
Automation Systems
Battens
Bearings
Boxes
Brakes
Breakers


Bumpers
Busbars
Cabinets
Cassettes
Chargers
Computers
Condensers (Heat Transfer)
Conduits and Ducts
Connectors
Contactors

View all products / services offered"
Merrimac Industrial Sales,978-372-6006,https://merrimacindustrial.com/,"Haverhill, MA 01835 | Locations",Distributor,"Distributor of heating, measurement, vacuum and electronic equipment. Cordless, corded, air, concrete, cutting, electrician, hydraulic, metal working, plumbing, hand, test and measurement tools are available. Hammers, drills, drivers, tubing cutters, blowers, reciprocating saw, cut-off, wrenches, ratchets, saws, screw guns, rig motors, blades, drill bits, grinders, angle drills, screwdrivers, knife and pliers are offered. Management, control or drive systems, enclosures, controllers and controls are provided. Electrical and heating equipment include ovens, generators, electric coils or wires, motors, switches, electromechanical relays, circuit breakers, drives, transducers, transformers, fuses and sensors. Other services include repair. Serves the pharmaceutical, textile, automotive, medical, defense, plastic, wastewater treatment, food and beverage industries. ITAR registered. UL listed.","Merrimac Industrial provides the latest in cutting edge automation technology products from a large selection of leading manufacturers and is committed to maintaining high quantity inventories, on time deliveries and competitive pricing. Merrimac's experienced, knowledgeable and factory-trained staff can help solve virtually any control problem.

In 2010, Merrimac Industrial also opened the doors to its tool shop for sales and repairs. Its unrivaled repair technicians can fix any power tool as well as perform warranty tool repairs for a variety of brands. The shop has continued to grow and has expanded its product offerings to include lighting fixtures and much more!

Whether you need to source a product, solve an engineering problem, repair a piece of equipment, outsource manufacturing, or implement managed inventory, Merrimac Industrial Sales has the products, facilities and team to get the job done. We stand behind everything sold and serviced. Experience the difference with Merrimac! More... We look forward to hearing from you. Less",www.linkedin.com/company/merrimac-industrial-sales,$10 - 24.9 Mil,50-99  Employees,"Indicators: Pressure, Digital
Indicators
Indicators: Digital
Indicators: Electric, Temperature
Indicators: Electronic


Indicators: Flow
Indicators: LED
Indicators: Liquid Level
Indicators: Pressure
Indicators: Process Control

View all Indicators categories","All Products / Services

Actuators
Adapters
Alarms
Arresters
Assemblies
Automation Systems
Baths
Beams
Bearings
Blocks


Blowers
Boilers
Brackets
Braid
Brakes
Breakers
Bulbs
Bumpers
Bushings
Cabinets

View all products / services offered"
Siemens Corporation,800-SIEMENS,https://www.siemens.com/us/en/home.html,"Washington, DC 20001 | Locations",Service Company,"Worldwide manufacturer of industrial products for building technology, energy automation, lighting, transportation systems, health care, information & communication & water technology. Building technology products include fire safety products, building automation & control systems, combustion controls & HVAC products. Energy & automation systems such as CNC/machine tools, controls, drives, electric motors, electronics assembly systems, motion control systems, power distribution systems, traffic management systems & cellular wireless modules are available. Transportation systems include urban mobility, interurban mobility & logistics. Health care products include diagnostic imaging & therapy, hearing solutions & laboratory diagnostics. Water technology systems for aquatics & leisure, industrial, laboratory & municipal applications. Software products are also available. Services include financial solutions, IT solutions, corporate research & government solutions. IT solutions & services include application management, business intelligence, computer technologies, consulting, customer relationship management, enterprise resource planning, human resource management, outsourcing, procurement, product life cycle management, RFID solutions, security services, supply chain management & system integration. IT solutions & services are ISO 9001:2000 certified.",,,$250 Mil. and over,Not Available  Employees,"Indicators: Pressure, Digital
Indicators: Carbon Dioxide
Indicators: Carbon Monoxide
Indicators: Combustible Gas
Indicators: Digital


Indicators: Flow
Indicators: Gas
Indicators: Liquid Level
Indicators: Oxygen
Indicators: Position

View all Indicators categories","All Products / Services

Accelerators
Actuators
Aids
Air Handlers
Alarms
Analytical Services
Analyzers
Anesthesia Equipment
Angiographic Systems
Annunciators


Arbors
Assemblies
Assembly Machinery
Assembly Services
Asset Management Services
Audio Visual (AV) Equipment
Automated Storage/Retrieval Systems (AS/RS)
Automation Systems
Bakery Machinery
Ballasts

View all products / services offered"
STW Technic,770-242-1002,https://www.stw-technic.com/,"Peachtree Corners, GA 30071",Manufacturer,"Manufacturer of mobile controllers and measurement products; silicone, ceramic and thin film sensors, displays, inclinometers, strain gauges, encoders i/o modules for use in industrial applications.",,,$10 - 24.9 Mil,10-49  Employees,"Indicators: Pressure, Digital","All Products / Services

Controls and Controllers
Displays
Inclinometers


Indicators
Modules
Sensors / Detectors / Transducers"
"Laurel Electronics, Inc.",714-434-6131,https://www.laurels.com/,"Costa Mesa, CA 92626",Manufacturer,"Manufacturer of programmable instruments for industrial measurement and control problems. Digital panel meters, electronic counters, industrial timers, process controllers, transmitters, data logging systems. Signal sources include DC and AC rms voltage and current, load cells, strain gauges, thermocouples, RTDs, quadrature encoders and additional sensors. Measurement and control applications include industrial transducers, AC power line voltage, frequency and phase, pressure, temperature, flow, volume, level, weight, stress, tensile strength, position, speed, frequency, rate, RPM, pulse and analog totalizing and batch control. Meter accessories include setup and datalogging software, splash-proof covers, sealed enclosures, signal selector switches, triple output loop splitters and retransmitters and parallel BCD to RS422 serial converters. Meters, counters and timers UL and CE certified and NEMA rated from front panel.","Laurel Electronics specializes in solving challenging industrial measurement and control problems. If it can be done with a programmable digital panel meter, controller, counter, timer or transmitter, chances are that Laurel will come up with a cost-effective solution -- so give us a call. Our products are sold and supported by qualified measurement and control systems distributors.",,Under $1 Mil,1-9  Employees,"Indicators: Pressure, Digital
Indicators
Indicators: Bin Level
Indicators: Current
Indicators: Digital


Indicators: Dry Material Level
Indicators: Electric Current
Indicators: Electric, Temperature
Indicators: Electronic
Indicators: Flow

View all Indicators categories","All Products / Services

Aircraft Parts
Alarms
Ammeters
Barometers
Batchers
Controls and Controllers
Counters
Countertops
COVID-19 Response
Displays


Electronics
Fire Fighting Electronics
Flowmeters
Gages
Hygrometers
Inclinometers
Indicators
Instruments
Measuring Equipment
Medical Equipment

View all products / services offered"
"TOX Pressotechnik, LLC",855-790-6004,https://us.tox-pressotechnik.com/,"Warrenville, IL 60555",Manufacturer,"Manufacturer of pneumo-hydraulic and electric press drives, presses, tongs, feeder bowls, controls and monitors for the aerospace, automotive, electronics, e-mobility, medical and pharmaceutical industries. Simple, tabletop toggle, rack and pinion, manual and pneumatic benchtop presses are offered, including our pneumatically assisted toggle press. Clinching solutions from hand-held to robotically mounted and from single point to over fifty points per press cycle can be provided. Custom drives, presses and complete solutions are also available. They are suitable for clinching, pressing, assembling, inserting, coining, riveting, marking, press-fitting, punching and many more applications.","TOX PRESSOTECHNIK offers innovative products and services for the sheet metal joining industry including press drives, presses and special machinery. Take advantage of our engineering expertise, a wide range of standard products and the best solution for your application.

TOX PRESSOTECHNIK was founded in 1978 by Eugen Rapp. As a global supplier of presses and components for the sheet metal joining industry, this family-owned business now has over 1,400 employees worldwide.

We started by introducing powerful drives for production machinery including the TOX-Powerpackage. We also offer the TOX-ElectricDrive program, which is an alternative high-tech solution. Our machinery offers endless possibilities for product development within the sheet metal joining industry. For over 40 years, we have supplied the industry with drives, presses and other tools for clinching, punching, inserting and riveting. The automotive industry also relies heavily on our products.

Our headquarters and main production More... facility and technology center are located in Weingarten, Germany. Our other manufacturing facilities are located in the USA, China, India and Brazil.

 Contact us today for more information about TOX products and services. Less",www.linkedin.com/company/tox-pressotechnik-usa,$25 - 49.9 Mil,50-99  Employees,"Indicators: Pressure, Digital
Indicators


Indicators: Digital
Indicators: Pressure","All Products / Services

Assembly Machinery
Automation Systems
Controls and Controllers
COVID-19 Response
Cylinders
Dies
Embossing Machines
Hand / Tooling Punches
Hydraulic Equipment
Indicators
Joiner Systems
Machinery
Markers and Marking Equipment


Medical Products and Hospital Equipment
Monitors
Motor Controllers and Drives
Notchers
Pneumatic Systems
Presses
Riveters
Sensors / Detectors / Transducers
Shears
Staking Equipment
Tongs
Tools
Trimmers"
SensoScientific,800-279-3101,https://sensoscientific.com/,"Simi Valley, CA 93065",Manufacturer,"Manufacturer of wireless temperature monitoring systems. Products offered are temperature sensors and detectors, alarm and data acquisition systems, environmental monitoring, and temperature inspection systems. Features include web embedded technology, digital, and comprehensive reporting. Capabilities are GSM mobile location tracking, automatic and scheduled backup, and Wi-Fi and 900 Mhz frequency compatible. Serves the medical and life science, food services, transportation, data centers and network infrastructures, and pharmaceutical industries. ISO 17025 certified. HACCP, Joint Commission, USP 797, 21 CFR Part 11, USDA, and FCC compliant.","Since 2005, we have dedicated ourselves to providing consistent product enhancements, innovation and product improvements that meet the changing needs of the healthcare environment, making SensoScientific the most advanced, practical, and cost effective wireless system available on the market.

SensoScientific is specifically designed to meet strict regulatory compliance for hospitals, pharmacies, life sciences, and other applications. Our clients use the SensoScientific system throughout the entire medical facility, whether onsite or in remote satellite buildings, including the pharmacy, laboratory, blood bank and dietary departments. The system can be deployed in any room, refrigerator, freezer, incubator, blanket warmer or any other type of temperature sensitive equipment.

We design, engineer and manufacture our own transmitters and firmware. This allows us to provide solutions that do not require extra equipment and software. This helps ensure seamless system functionality with zero More... dependency on third party manufacturers. Furthermore, savings are directly passed on to you--making us most cost effective solution. Less",,$50 - 99.9 Mil,10-49  Employees,"Indicators: Pressure, Digital
Indicators
Indicators: Carbon Dioxide
Indicators: Digital
Indicators: Humidity


Indicators: Liquid
Indicators: Moisture
Indicators: Multifunctional, Remote Monitoring & Reporting
Indicators: Pressure
Indicators: Remote Reading

View all Indicators categories","All Products / Services

Alarms
Cold Chain Equipment
COVID-19 Response
Data Acquisition Systems
Data Collection Systems
Data Loggers
Displays
Indicators
Inspection Equipment
Instruments


Laboratory Equipment
Measuring Equipment
Medical Laboratory Consumable Supplies
Medical Products and Hospital Equipment
Modules
Monitoring Systems
Monitors
Recorders
Sensors / Detectors / Transducers
Testers

View all products / services offered"
AMETEK Power Instruments,800-881-4156,https://www.ametekpower.com/,"Rochester, NY 14605 | Locations",Manufacturer,"Manufacturer and designer of power and process monitoring equipment and instruments including annunciators, cables and harnesses, communication and fault recorders, flame sensors, industrial and nuclear pressure and power measurement products. Annunciators include LED, lamp displays, integral and modular alarm system annunciators. Additional products include mud density, portable calibration equipment, signal conditioning, speed sensor, substation maintenance and utility load management products. Recorders use software for communicating, configuring, downloading, displaying and analyzing recorded data. Industries served include aerospace, chemical manufacturing, food processing, medical, petrochemical, power generation, textile equipment and welding. ISO 9001 and ISO 9002 certified power and process monitoring equipment and instruments are also available. Calibrators are NIST traceable. CE, CSA and FM approved. Meet ANSI and IEC specifications.","For more than 50 years, AMETEK Power Instruments has been recognized as a global power and process industry leader manufacturing a comprehensive line of measurement, alarm management, transient recording, and utility communication products. AMETEK Power Instruments is a unit of AMETEK, Inc., a leading global manufacturer of electronic instruments and electromechanical devices with more than 100 manufacturing facilities, sales and service centers around the world. AMETEK Power Instruments' turbine engine sensors are found on nearly every major turbine generator in the world. AMETEKs power and process monitoring equipment, power quality instruments, transducers, meters, event and transient recorders, annunciators and alarm monitors are used worldwide. Many are ISO 9001 and 9002 certified. To support its broad line of industry-leading products, AMETEK Power Instruments operates an extensive sales and service network with locations in key regions of the world such as the US, UK and Asia. On-site More... training programs are continuously provide to offer hands-on experience with products, their operation and maintenance. This training ensures the most effective use of AMETEK products. 

 Power Generation: Electric power generation is a major market segment for AMETEK Power Instruments. We are a leader in advanced engine sensors and monitoring systems for gas turbines used in electric power generation. AMETEK is also a long-time supplier of temperature, pressure, speed, cable harness, and flame sensor products used by the electric and nuclear power industries. 

 Transmission and Distribution: AMETEK Power Instruments designs and manufactures a full line of power and process-monitoring equipment. A growing array of instruments used to measure, monitor and record variables in the transmission and distribution of electric power are offered through our family of products. In addition, AMETEK has the industry's most extensive line of control room annunciators, event monitors, and graphic displays. 

 Oil and Petrochemical: AMETEK Power Instruments is a leader in the development and manufacturing of sensor systems for boilers and burners used by the utility, petrochemical, process, and marine industries worldwide. AMETEK Power Instruments' pressure transducers and transmitters are used in oil, gas and petrochemical production and distribution to operate reliably under harsh and extreme conditions. AMETEK also offers a full line of flame sensors for a wide range of industrial applications as well as custom-engineered electrical thermocouples and fiber-optic cable assembles. Less",,Not Available,Not Available  Employees,"Indicators: Pressure, Digital","All Products / Services

Alarms
Ammeters
Amplifiers
Analyzers
Annunciators
Assemblies
Calibrators
Carriers
Checkback Systems
Cold Chain Equipment
Communication Systems
Conditioners
Converters
COVID-19 Response


Data Loggers
Electric Wire, Cable and Cable Assemblies
Electronics
Fiber Optic Cable and Cable Assemblies
Gages
Harnesses
Indicators
Instruments
Isolators
Management Systems
Measuring Equipment
Medical Products and Hospital Equipment
Meters
Modems

View all products / services offered"
Taylor Valve Technology,405-787-0145,https://taylorvalve.com/,"Oklahoma City, OK 73128",Manufacturer,"Manufacturer of safety valves including conventional, high pressure, pilot, vapor, bronze for process relief, critical temperature & pressure applications. Manufacturer of electronic gauges for water purification systems, steel mills, chemical & manufacturing plants, flow & pressure control chokes including large & small dimension, cargo & sleeve, inline & angle body style & multi orifice available in different materials & design styles, liquid level indicators, plugs, probes & probalyzers. Valves manufactured to ASME section VIII code for air, gas & vapor.",,,Not Available,50-99  Employees,"Indicators: Pressure, Digital","All Products / Services

Controls and Controllers
Indicators
Mechanical Chokes


Regulators
Valves"
West Control Solutions Dist. - M & M Control,877-820-4900,https://www.mmcontrol.com/West.php,"Lake Villa, IL 60046",Distributor,"Distributor of process and temperature control products including process, limit, single and multi-loop controllers. Industries served include plastics, ovens and furnaces, packaging, food and beverage, and life science.","M&M Control Service represents the top manufacturers in the industry. We bring you the best products at the best prices, delivered from stock or direct from the factories. We aim to exceed our customers' expectations, with continuously improved service, quality products, competitive prices and the fastest delivery. Our personal service staff is the best in the business and is committed to ensuring that your needs are met.

With new products constantly being introduced into the marketplace, you could spend hours keeping up to speed with the latest developments. Instead, leave that to our expert staff, who are up-to-date with the latest trends and newest products to best suit your needs. Our online catalogue features new products daily, and we strive to keep you informed of current trends and innovations. Our delivery is the fastest possible. Our merchandise is guaranteed. 

We can rebuild your controls, valves or just about any other process element. We also offer thousands of reconditioned More... products that can help save you money. All of these products have been rigorously inspected and tested, and are delivered with the same guarantee as our regular merchandise.

 Customer satisfaction is top priority. Come and take a look around our site. See what products we have to offer, and our low prices. Learn about our field or in-house service. Order online or contact one of our trained sales representatives. Let us help you become more competitive. We can save you time and money! Less",www.linkedin.com/company/591670?trk=tyah,$5 - 9.9 Mil,10-49  Employees,"Indicators: Pressure, Digital
Indicators
Indicators: Digital
Indicators: Electronic
Indicators: Flow


Indicators: Humidity
Indicators: Loop Powered
Indicators: Pressure
Indicators: Process Control
Indicators: Temperature","All Products / Services

Controls and Controllers
Data Acquisition Systems
Indicators
Maintenance and Repair Services


Recorders
Rectifiers and Diodes
Transmitters"
Bristol Instruments,877-866-8500,https://www.bristolinstruments.com/,"Boston, MA 02114",Distributor,"Distributor and mfr's rep. of industrial measurement and control products. Various products available include analyzers, digital pressure gages, load cell indicators, displays, panel meters, thermometers, switches, sensors, transmitters, pressure transducers, paperless recorders, DIN rail power supply units, signal conditioners and counters.","Bristol Instruments is a distributor of world-class industrial measurement and control products. The products we sell have been proven reliable and durable in numerous field applications. With headquarters in Boston, Massachusetts, we sell products and provide support for corporations to meet or exceed their and their customers' process control goals.",,Not Available,Not Available  Employees,"Indicators: Pressure, Digital
Indicators
Indicators: Digital


Indicators: LED
Indicators: Load
Indicators: Pressure","All Products / Services

Ammeters
Analyzers
Conditioners
Controls and Controllers
Counters
COVID-19 Response
Displays
Gages
Indicators
Instruments
LEDs
Measuring Equipment


Medical Products and Hospital Equipment
Meters
Monitors
Ohmmeters
Power Units
Recorders
Seals
Sensors / Detectors / Transducers
Switches
Thermocouples
Thermometers
Timers

View all products / services offered"
Mensor Corp.,800-984-4200,https://www.mensor.com/,"San Marcos, TX 78666",Manufacturer,"ISO/IEC 17025:2005 certified manufacturer & designer of pressure measuring, pressure calibration & pressure controlling instruments & test systems for the precision pressure instrumentation & calibration market. Products include digital pressure gauges, digital barometers, digital pressure transducers, automated pressure controllers/calibrators, deadweight testers, air data test sets, transmitters, sensors, indicators & controllers. Applications include engineering & test labs, metrology labs, calibration labs, research facilities & production & manufacturing areas. Meets ANSI/NCSL Z540-1-1994 standards.",,,$10 - 24.9 Mil,50-99  Employees,"Indicators: Pressure, Digital


Indicators: Pressure","All Products / Services

Barometers
Calibration Services
Calibrators
Controls and Controllers
Gages
Ground Support Equipment


Indicators
Instruments
Measuring Equipment
Sensors / Detectors / Transducers
Testers
Transmitters"
"Kanomax USA, Inc.",800-247-8887,https://www.kanomax-usa.com/,"Andover, NJ 07821",Manufacturer,"Manufacturer of electronic measuring equipment. Products include anemometers, indoor air quality and dust monitors, particle counters, fume hood testing tools, and sound and vibration meters. Available in various models, specifications, and features with different accessory options. Offers calibration and repair services. Also distributes encapsulating microspheres. Suitable for applications such as HVAC and industrial flow testing, cleanroom monitoring, aerosol research, and industrial hygiene. Technical support services are provided.","Kanomax has delivered the best measurement solutions with its products and services that adapt precision measurement technology for fluids and particles. We are contributing to technological innovation and quality improvements for the processes of quality and environment management. Sustaining human well-being in the areas of environment, health and energy have always been a primary focus of Kanomax. We develop leading technology with the goal of maintaining health and safety in industries including automobile, aerospace, semiconductor, electronics manufacturing, heavy industry, steel, shipbuilding, pharmaceutical, biotechnology, food processing, medical, construction and civil engineering.

In recent years, we have implemented a global growth strategy led by the unique and extremely dynamic management team located in Japan and the U.S. Our reliable technology and 60 years of accumulated knowledge and know-how has allowed us to establish a global network and collaboration between management More... and employees. Our team aims to achieve global leadership in the niche markets we serve.

 We look forward to serving you in the future with Kanomax products.

 Our corporate philosophy is to pursue creativity and innovation. “Creativity” is the manifestation of creative force. “Innovation” not only means dramatic changes but also refers to tireless efforts being made to improve efficiency and effectiveness in small, everyday matters.

 “Creativity” is the manifestation of creative force or momentum to overcome challenges.

 “Innovation” is the tireless effort being made to improve efficiency and effectiveness to overcome any challenges and to be a provider of solutions. Less",www.linkedin.com/company/2697825/,$1 - 4.9 Mil,1-9  Employees,"Indicators: Pressure, Digital
Indicators
Indicators: Air Velocity
Indicators: Dew Point
Indicators: Digital


Indicators: Electronic
Indicators: Gas
Indicators: Humidity
Indicators: Pressure
Indicators: Temperature

View all Indicators categories","All Products / Services

Air Quality Systems
Analyzers
Anemometers
Balls
Calibration Services
Counters
COVID-19 Response
Fire Fighting Electronics
Flowmeters
Gages


Generators
Hoods
Indicators
Instruments
Kits
Laboratory Equipment
Machinery
Maintenance and Repair Services
Mannequins
Measuring Equipment

View all products / services offered"
"Cooper Instruments & Systems, a Group-4 Company",833-672-7015,https://www.cooperinstruments.com?utm_source=thomas&utm_medium=cpc&utm_campaign=cooper_thomas,"Warrenton, VA 20187",Manufacturer,"Manufacturer of instruments & systems. Types include load cells, digital force indicators, pressure transducer transmitters, torque gages, torque load cells, bolt force sensors, bridge amplifiers, mechanical & electronic force gages, crane scales, test stands & hydraulic presses, LVDT displacement transducers, quartz impact sensors, weld force probes, printers & chart recorders & force sensors. Digital instruments include single to multichannel digital instrumentation, hand held indicators & portable instruments. Capabilities include computerized calibration systems using dead weights & ultra-precision load cells, metal fabrication, custom cable assembly & wiring, custom fixtures for mount load, computer-aided design & 3-D modeling. Calibration services are also available, meeting NIST standards, systems testing, tensile & compressive testing.","About Cooper Instruments, a Group Four Company

Cooper Instruments is a leader in the force and pressure measurement and testing industry. We sell, calibrate and distribute complete product custom force and pressure application solutions to meet your measurement needs and objectives. Cooper Instruments was founded in 1988 by the late Sam Cooper to provide custom force and pressure product solutions to span a wide variety of industries and to fill a market void for consistent, reliable, and complete calibration services for custom designed and engineered measurement system solutions.

About Group Four Transducers

Group Four Transducers, Inc. is a global provider of weight and force measurement products. The company specializes in dependable, application-engineered products by utilizing its lean business philosophy to consistently meet the needs of its customers worldwide. The company's products are found in a wide variety of applications specializing in packaging solutions but also ranging More... from physical rehabilitation equipment, medical devices, automated self-checkout scales, aircraft weight and balance apparatus, and thousands of other applications. Group Four Transducers is headquartered in East Longmeadow, Massachusetts with manufacturing in Massachusetts and Dankatua, Sri Lanka. Less",www.linkedin.com/company/cooper-instruments-and-systems/,$10 - 24.9 Mil,10-49  Employees,"Indicators: Pressure, Digital
Crane Load Indicators
Indicators
Indicators: Digital
Indicators: Electronic


Indicators: Filter
Indicators: LED
Indicators: Load
Indicators: Pressure
Indicators: Process Control

View all Indicators categories","All Products / Services

Accelerometers
Adapters
Amplifiers
Analyzers
Assemblies
Attachments
Barriers
Boards
Bolts
Boxes


Buttons
Cable Components
Calibration Services
Calibrators
Cards
Cells
Cold Chain Equipment
Computers
Conditioners
Controls and Controllers

View all products / services offered"
Wilmington Instrument Co.,800-544-2843,https://www.calcert.com/,"Wilmington, CA 90744 | Locations",Distributor,"ISO/IEC 17025:2005, ANSI/ NCSL Z540-1-1994(R2002) and ANSI/ NCSL Z540-3-2006 (R2013) certified distributor of test, measurement & process instrumentation products including electrical, electronic, temperature, pressure, physical mechanical & calibrator. Electrical instruments; ammeters, DMMs, power meters, transmitters, RPM indicators, tachometers, shunts & milliohmmeters. Electronic instruments including; counters, signal & function generators, oscilloscopes, surge testers & spectrum analyzers. Temperature instruments include thermometers, simulators & calibrators, RTDs, controllers & pyrometers. Pressure instruments including; analog & digital gauges & absolute pressure instruments, transducers, switches & portable calibrators. Physical mechanical instruments include torque wrenches, calipers & gauge blocks. Calibrators such as voltage & current sources, thermocouple & frequency calibrators. Services include physical, mechanical, electrical & frequency calibration, testing & repair. Markets serve; petrochemical, power & utilities, aerospace, pharmaceutical & food processing.",,www.linkedin.com/company/wilmington-instrument-co.-inc.,$5 - 9.9 Mil,10-49  Employees,"Indicators: Pressure, Digital
Indicators
Indicators: Dial
Indicators: Digital
Indicators: Gas


Indicators: Liquid Level
Indicators: Pressure
Indicators: Temperature
Instruments: Flow Recording & Indicating","All Products / Services

Adapters
Alarms
Ammeters
Analyzers
Anemometers
Baths
Batteries
Blocks
Borescopes
Buzzers


Calibration Services
Calibrators
Cameras
Cases
Clips
Clothing
Cold Chain Equipment
Communication Systems
Conditioners
Connectors

View all products / services offered"
Sensor Products Inc.,800-755-2201,https://www.sensorprod.com/index.php,"Madison, NJ 07940",Manufacturer,"Manufacturer of tactile surface pressure and force sensors. Products include sensor films, flex, free-form, nano-polymer core, and stretch sensors, nip roller sensors, pressure, temperature, and body mapping sensors, pressure measurement and analysis systems, damage indicating paints, injection mold align tools, thermal protection barrier films, and surface temperature indicating papers. Applications include automotive, biomechanics, manufacturing, ergonomics, electronics, military, medical, and R&D processes. Services offered are pressure impression analysis, encasement, in-house consulting, laser cutting of pressure indicating films, leasing, R&D engineering, and technical seminars. Also a certified distributor of absolute encoders, incremental encoders, interpolation, linear scales, minicoders, rail speed sensors, and control systems.",,,$1 - 4.9 Mil,10-49  Employees,"Indicators: Pressure, Digital
Indicators
Indicators: Digital


Indicators: Electronic
Indicators: Pressure
Indicators: Temperature","All Products / Services

Analytical Services
Analyzers
Controls and Controllers
Cutting Services
Encoders
Film
Gages
Indicators
Instruments


Measuring Equipment
Paper
Paper Products
Recorders
Rental and Leasing Services
Scales
Sensors / Detectors / Transducers
Testers
Tools"
"Temp-Press, Inc.",585-235-6160,https://www.temppress.com/,"Rochester, NY 14606",Distributor,"Distributor of industrial products including gauges, filters, steam traps, filtration equipment, valves, pumps, hoses, fittings, piping specialties, temperature controllers and process control instrumentation. Consulting, calibration, testing and assembly services are available. Process, industrial, furnaces, boilers, heat treating, commercial, municipal, HVAC, energy, wastewater treatment, plastic, glass, power generation, food, dairy and bio-pharmaceutical industries served. VMI and JIT delivery available.","Temp-Press Inc. was established in 1989 and provides a line of industrial products including pressure gauges, steam filters, steam traps, filtration equipment, valves, hoses, fittings and piping specialties, temperature controllers, HVAC items, and process control instrumentation. 

Our upper New York State repair center meets the needs of our customers in the industrial market, employing over 20 people at our main location and with a sales force of six outside salesmen to cover upper N.Y. State. The main office in Rochester, NY was selected for its close proximity to local airports, large highways and our major industrial accounts. The main warehouse, offices, and production area measure over 10,000 sq ft.

We have developed a company which specializes in valve repair, motor repair, pump repair, cylinder repair, and other related services. The operations manager of Temp-Press has over 25 years experience in facilities engineer. 

Temp-Press has positioned itself as a representative and distributor More... of products for the upper New York State area. We also focus on a service and repair center for all mechanical needs. Using the concept of strategic planning a control growth will create positive benefits for many manufacturers. Less",,$5 - 9.9 Mil,10-49  Employees,"Indicators: Pressure, Digital
Indicators
Indicators: Flow
Indicators: Liquid Level
Indicators: Partlow


Indicators: Pressure
Indicators: Process Control
Indicators: Tank Level
Indicators: Temperature","All Products / Services

Actuators
Adapters
Analyzers
Annunciators
Bags
Calibration Services
Calibrators
Connectors
Consulting Services
Controls and Controllers


Converters
Couplers and Couplings
Cylinders
Drains
Dryers
Ejectors
Elbows
Electric Wire, Cable and Cable Assemblies
Filters
Fittings

View all products / services offered"
"Danaher Specialty Products - Veeder-Root, Namco Controls, Joslyn Clark",800-390-6405,https://www.specialtyproducttechnologies.com/,"Elizabethtown, NC 28337 | Locations",Custom Manufacturer,"Manufacturer of standard and custom industrial automation systems and equipment. Various equipment and supplies include timers, counters, totalizers, indicators, relays, meters, power supplies, contactors, starters, controllers, transformers, switches, solenoids, bearings, sensors, palm and push buttons, bushings, voltage controls, binding posts and fasteners.","Danaher Specialty Products, a Sensors & Controls business within Danahers Industrial Technologies platform, is a group of six core-technology companies that have combined their resources and expertise to be able to deliver the manufacturing and operational efficiencies, cost-effective solutions, and high quality products demanded by todays industrial automation marketplace. DSP-member companiesall leaders in their respective fieldsrepresent the finest products and technologies currently available, and which now can be procured from a single source. Every DSP company has earned a ""best in class"" reputation, built on a solid foundation of achievement over a long period of time. Each offers a select group of premier brand products all having proven their reliability again and againeven in the most rigorous and demanding applications. The products that DSP-member companies manufacture are considered essential components in the markets and applications they serve.",,Not Available,Not Available  Employees,"Indicators: Pressure, Digital
Indicators
Indicators: Digital
Indicators: Multifunctional, Remote Monitoring & Reporting
Indicators: Position


Indicators: Pressure
Indicators: Process Control
Indicators: Speed
Indicators: Temperature
Instruments: Speed Indicating","All Products / Services

Bearings
Bushings
Caps
Conditioners
Connectors
Contactors
Controls and Controllers
Counters
Fasteners
Feet


Glides
Grommets
Handles, Pulls and Levers
Harnesses
Heaters
Hooks
Hubodometers
Indicators
Lights
Meters

View all products / services offered"
"Martech Controls, Inc.",877-487-9003,https://martechcontrols.com/,"Syracuse, NY 13206",Manufacturers' Rep,"Manufacturer Rep. of quality process monitoring, measurement and control instrumentation. Products include signal conditioners, recorders, thermal mass flow meters, heaters, controllers, gas/fire detection systems, power supplies, transmitters, digital indicators, control panels, engineered specialty filtration systems, fixed and portable humidity sensors, inline and portable ceramic sensor hygrometers, calibration equipment, level, flow and liquid switches, air regulators, timers and counters, digital panel meters, pressure instrumentation, gauges, thermal imaging systems, portable cameras, liquid or solid level measurement systems and confined space packages. Capabilities include engineering, technical, repair and support, installation and commissioning, training and field services.","Your source for custom Measurement and Control Solutions for Industrial, Original Equipment Manufacturers and Municipal Process Control applications.",,$1 - 4.9 Mil,1-9  Employees,"Indicators: Pressure, Digital
Indicators
Indicators: Digital
Indicators: Flow
Indicators: LED


Indicators: Loop Powered
Indicators: Low Water
Indicators: Magnetic
Indicators: Moisture
Indicators: Multifunctional, Remote Monitoring & Reporting

View all Indicators categories","All Products / Services

Actuators
Alarms
Boilers
Brackets
Calibrators
Cameras
Communication Systems
Conditioners
Contactors
Controls and Controllers


Counters
Data Acquisition Systems
Delivery Systems
Displays
Exchangers
Filters
Fire Fighting Electronics
Flowmeters
Gages
Heaters

View all products / services offered"
Validyne Engineering Sales Corp.,818-886-8488,https://www.validyne.com/,"Northridge, CA 91324",Manufacturer,"Turnkey custom manufacturer of measurement equipment, signal conditioning equipment & data acquisition equipment. Pressure transmitters, pressure transducers, PCI sensor interface cards, pressure sensors, sensor carrier demodulators, PC data acquisition systems, vehicle data acquisition systems, nuclear data acquisition systems & accessories are available. Services include design & turnkey integration. Accessories such as mating electrical connectors, sensor replacement diaphragms, O-rings, bolts & gaskets are available. Applications include automotive & flight testing & test cells, medical research in pulmonary function, industrial & materials testing, HVAC, climatic wind tunnels, oil exploration, wind turbines, process & automation. Products can also be customized to specifications.",,,$5 - 9.9 Mil,50-99  Employees,"Indicators: Pressure, Digital
Indicators


Indicators: Pressure
Indicators: Transducer","All Products / Services

Amplifiers
Boards
Bolts
Calibrators
Cards
Conditioners
Connectors
Converters
Data Acquisition Systems
Diaphragms
Displays
Electric Wire, Cable and Cable Assemblies


Electronics
Gages
Gaskets
Indicators
LEDs
Measuring Equipment
Modules
Printed Circuit Boards
Readout Systems
Rings
Sensors / Detectors / Transducers
Transmitters"
Enercorp Instruments Ltd.,800-ENERCORP,https://enercorp.com/,"Brampton, ON L6T4Z5",Manufacturer,"Custom manufacturer of humidity, temperature & pressure instrumentation. Products include temperature sensors (stock, smoke house & custom models), humidity & pressure transmitters, wind speed & direction systems, current switches & transducers, climate instruments including precipitation & radiation transmitters, moisture meters, process control instruments including controllers, recorders & indicators, RTD elements, thermowells, air quality & CO2 monitors, signal converters, power supplies & binding posts. Equipment is used in food processing, process control, energy management & climate monitoring applications.",,,Not Available,1-9  Employees,"Indicators: Pressure, Digital
Indicators
Indicators: Digital
Indicators: Electronic


Indicators: Temperature
Indicators: Wind
Instruments: Recording & Indicating","All Products / Services

Analyzers
Anemometers
Barometers
Bolts
Bulbs
Charts
Conditioners
Controls and Controllers
Converters
COVID-19 Response
Electrodes


Fasteners
Filters
Finders
Fire Fighting Electronics
Fittings
Gages
Grounding Equipment
Holders
Hygrometers
Indicators
Instruments

View all products / services offered"
"Omega Engineering, Inc.",877-986-9942,https://www.omega.com/en-us/,"Norwalk, CT 06854 | Locations",Manufacturer,"Manufacturer of various equipment and supplies for temperature, pressure, strain, flow, and level measurement and control. Products available include meters, controllers, detectors, heaters, and regulators. Standard and custom transducers, probes, and thermowells are also offered. Accessories are also available including buzzers, fittings, valves, grippers, and lights. Suitable for sanitary, process control, power monitoring, environmental, and laboratory applications.","OMEGA is the worlds largest manufacturer of high quality thermocouples, RTDs, thermocouple wire, connectors & switches. Since 1962, OMEGA offers more than 100,000 state-of-the-art products for measurement and control of temperature, sanitary sensors, humidity, pressure, strain, force, flow, level, pH and conductivity, a complete line of data acquisition, automation, electric heating and custom engineered products. It is our commitment to quality instrumentation and exceptional customer service that has remained the cornerstone of our success. OMEGA's priority is clear. Our facilities exist to ""facilitate"" solutions to your needs.",,$100 - 249.9 Mil,500-999  Employees,"Indicators: Pressure, Digital
Indicators
Indicators: Conductivity
Indicators: Digital
Indicators: Electronic


Indicators: Flow
Indicators: Loop Powered
Indicators: pH
Indicators: Pressure
Indicators: Strain Gauge

View all Indicators categories","All Products / Services

Adapters
Ammeters
Automation Systems
Baths
Blocks
Boxes
Breakers
Buzzers
Calculators
Calibration Services


Calibrators
Cards
Cells
Cold Chain Equipment
Colorimeters
Communication Systems
Conditioners
Connectors
Controls and Controllers
Counters

View all products / services offered"
West Control Solutions,800-866-6659,https://www.west-cs.com/,"Gurnee, IL 60031",Manufacturer,"Specializing in the manufacture of temperature control instrumentation. Key products include temperature controllers (single loop and multi loop), temperature profilers, limit controllers, digital indicators, thyristors, data loggers, chart recorders, and paperless recorders. Temperature and process controllers are available in 1/32 DIN, 1/16 DIN, 1/8 DIN and 1/4 DIN sizes. Controllers are also available with DIN rail mounted options. Specialize in working with challenging applications in industrial environments, including but not limited to; plastics, extrusion, ovens, furnaces, kilns, laboratory and testing equipment, food and beverage.  Standard controllers can be customized according to look and feel, functionality and/or the menu set up.","West Control Solutions is a global specialist in temperature and process control instrumentation. 

The company is made up of product brands; CAL, Partlow, PMA and West (formerly West Instruments) who together have over 100 years' experience and expertise in temperature control. 

The product portfolio from West Control Solutions includes a range of temperature controllers, both single loop and multi loop controllers, limit controllers and devices, digital indicators, chart recorders - circular and paperless recorders. 

The instruments are ideally suited to industrial and scientific markets and are regularly used in the following applications; ovens and furnaces, food and beverage, packaging, laboratory and testing equipment.",www.linkedin.com/company/west-control-solutions,Not Available,Not Available  Employees,"Indicators: Pressure, Digital
Indicators
Indicators: Digital
Indicators: Electronic
Indicators: Flow


Indicators: Humidity
Indicators: Loop Powered
Indicators: Partlow
Indicators: Pressure
Indicators: Process Control

View all Indicators categories","All Products / Services

Cold Chain Equipment
Controls and Controllers
Data Acquisition Systems
Data Collection Systems
Data Loggers
Indicators
Instruments


Modules
Processors
Recorders
Rectifiers and Diodes
Transmitters
Vaccine Cold Chain Supplies and Logistics"
Entherm Inc.,877-368-4376,https://www.entherm.com/,"Bloomington, MN 55431",Distributor,"Distributor of heating, sensing & process control hardware specializing in heating & control problems to markets including manufacturing, processing & research. Products include heat & pressure alarms, humidity, temperature & melt pressure controllers, counters, adapters, terminals, heaters, heat tapes, infrared cameras, panel meters, SCR relays, sensors, thermocouples, timers, transducers & transmitters. Applications include extrusion lines, remote repeaters, rubber presses, test benches, food processing equipment, thermometry & hygrometry, temperature indication for thermocouples & RTD's, engine testing & surface defect detection, architectural glass, LCD fabrication, fiber optics, plastic films & thermoforming, torpedo car monitoring & semiconductors. Capabilities include fully built & tested turnkey systems, hardware according to specifications & customer support for do-it-yourself projects. Products conform to NEMA standards.",,,Under $1 Mil,1-9  Employees,"Indicators: Pressure, Digital
Indicators
Indicators: Digital
Indicators: Electric, Temperature


Indicators: Humidity
Indicators: Pressure
Indicators: Temperature
Indicators: Time/Temperature","All Products / Services

Alarms
Ammeters
Cameras
Controls and Controllers
Counters
COVID-19 Response
Displays
Distribution Systems
Electric Wire, Cable and Cable Assemblies
Engineering Services
Fire Fighting Electronics


Gages
Heaters
Imaging Equipment
Indicators
Instruments
Insulation
Medical Products and Hospital Equipment
Meters
Monitors
Motor Controllers and Drives
Panels

View all products / services offered"
"Omicron Sensing, Inc.",858-939-9266,http://www.omicron-sensing.com/,"San Diego, CA 92122",Manufacturer,"Manufacturer of process instrumentation for  petrochemical, wastewater treatment, biotechnology, pharmaceutical, medical, semiconductor, refinery, power generation, food processing, chemical manufacturing and pulp and paper applications. Products include pressure, temperature, humidity, flow, level and portable instruments, data logging equipment, HVAC/BMS sensors, indicators, controllers, air quality sensors, water quality sensors and accessories.",,,Under $1 Mil,1-9  Employees,"Indicators: Pressure, Digital
Indicators


Indicators: Pressure","All Products / Services

Air Quality Systems
Cold Chain Equipment
Dampers
Data Loggers
Gages
Indicators
Instruments


Seals
Sensors / Detectors / Transducers
Switches
Thermowells & Protection Tubes
Transmitters
Vaccine Cold Chain Supplies and Logistics
Valves"
Pacific Industrial Service Co.,888-366-1381,http://www.pacificindustrialservice.com/index.html,"St Helens, OR 97051",Distributor,"Full service valve, actuator and pump restoration, repair, refurbishment and rebuilding and distributor of valves, gauges and actuators. Machine shop services include control, manual, safety, relief and safety relief valve repair for steam, air and liquid service, welding and fabricating, lathe work, vertical and horizontal milling, reverse engineering, and boiler service. 24/7 on-site, field and mobile services also available including cleaning, machining, lapping, testing, engineering support, and preventative maintenance. Products include safety relief, control, pressure relief, and manual valves and controls. Surplus and reconditioned valves and pumps also available. Serving industries including pulp and paper mills, and power generation, waste treatment, industrial processing and chemical plants, oil refineries, hi-tech industries, shipyards, food processors, utilities, pipelines, hospitals, and marine. ASME certified.","Pacific Industrial Service, Inc. is seen as the leader in valve and actuator service and repair for the Pacific Northwest. We are on-call 24 hours- 7 days a week. 

Pacific Industrial Service, Inc. has much to offer in repairs and supply. Machining for all types of Valves, Actuator's and Pumps. We also have documentation for each Code Valve.

 Field Service is our biggest plus with our field service trailer with portable test stands and machining on-site. We also have available Pick Up and Delivery. 

We strive to supply the most cost effective service available.",,$1 - 4.9 Mil,10-49  Employees,"Indicators: Pressure, Digital
Indicators
Indicators: Digital


Indicators: Liquid
Indicators: Liquid Level
Indicators: Pressure","All Products / Services

Actuators
Breakers
Calibrators
Caps
Cases
Cleaning Services
Cutting Services
Engineering Services
Field Services
Fittings
Gages
Indicators


Instruments
Lapping Services
Machining
Maintenance and Repair Services
Measuring Equipment
Milling Services
Packing
Plugs and Stoppers
Probes
Safety Equipment
Samplers
Software

View all products / services offered"
Steven Engineering,800-258-9200,https://stevenengineering.com/,"South San Francisco, CA 94080 | Locations",Distributor,"Distributor of electrical and electronic products and components used in industrial and commercial process automation applications. Products include circuit breakers, enclosures, oil tight operators, opto-electronics, PC controls, indicators, power supplies, relays, sensors, switches and transformers. Contract manufacturing capabilities include assemblies, enclosure modifications, engraving, kit preparation, labeling and wire cutting. Services include Kanban services, EDI and fulfillment systems, engineering and technical support and quality assurance programs. Same day shipment and JIT delivery available.","Steven Engineering is one of the largest distributors of industrial controls and components in the nation.

Our 95,000 square foot corporate facility is headquartered less than a mile from the San Francisco International Airport and we have additional branch offices and warehouse facilities in Southern California and Oregon. Using state-of-the-art systems and logistic services, we guarantee same day shipment on all stock items ordered by 8:00 p.m. Eastern Time.

Established in 1975, Steven Engineering continues to structure and refine every facet of our organization to provide you with an unparalleled level of service.",www.linkedin.com/company/steven-engineering,$100 - 249.9 Mil,100-199  Employees,"Indicators: Pressure, Digital
Indicators: Current
Indicators: Digital
Indicators: Electric Current
Indicators: Electric, Temperature


Indicators: Electronic
Indicators: Flow
Indicators: Frequency
Indicators: Humidity
Indicators: LED

View all Indicators categories","All Products / Services

Actuators
Adapters
Alarms
Ammeters
Amplifiers
Analog Components
Annunciators
Antennas
Arrays
Arresters


Assemblies
Assembly Services
Automation Systems
Barcode Systems
Barriers
Bases
Beacons
Bearings
Bells
Blocks

View all products / services offered"
"E & S Technologies, Inc.",978-453-2323,https://www.es-technologies.com/default.aspx,"North Chelmsford, MA 01863 | Locations",Distributor,"Mfr's rep. and distributor of high purity gas and fluid handling equipment and cleanroom products. Various products include valves, fittings, PFA/PTFE tubing, stainless steel fittings and tubing, regulators, pumps and filters. Anemometers, aspirators, vacuum bellows. Industries served include semiconductor, solar, pharmaceutical, biotechnology and medical. Vendor managed inventory (VMI) program available.","E&S Technologies Inc. is a distributor of High Purity Gas and Fluid Handling Equipment and Cleanroom (including static control) Products. These items are used primarily in the Semiconductor, LEDs, Solar, MEMS, Pharmaceuticals, Biotech, and Medical Devices and Science Industries. 

E&S also offers Services such as Vendor-Managed Inventory and Application Engineering Design Solutions for all the above products",,$50 - 99.9 Mil,10-49  Employees,"Indicators: Pressure, Digital
Indicators: Pressure


Instruments: Static Indicating","All Products / Services

Air Filtration Equipment & Supplies
Analyzers
Anemometers
Aspirators
Bars
Bases
Baskets
Bellows
Benches
Bins
Bits
Boxes
Brackets


Bumpers
Bushings
Caps
Capsules
Carriers
Cartridges
Cassettes
Casters
Chains
Chucks and Collets
Clamps
Cleaning Compounds and Chemicals
Cleanroom Equipment

View all products / services offered"
"Moore Industries International, Inc.",818-894-7111,https://www.miinet.com/,"North Hills, CA 91343",Manufacturer,"Manufacturer of field and DIN rail mounted instruments for process monitoring and control applications. Temperature transmitters, signal isolators, I/p or P/I converters, alarm trips or trip amplifiers, RTUs, gateways, indicators, monitors and interfaces are available. Electronic displays and instrument enclosures are also offered. Serves the power generation, chemical, semiconductor, pharmaceutical, pulp or paper, mining, water or wastewater, food and beverage industries. Some products are RoHS compliant, UL listed and CSA certified.","Moore Industries is a world leader in the design and manufacture of an exceptionally rugged, reliable and high quality field and DIN rail mounted instrumentation for the process monitoring and control industries. Product lines include temperature transmitters and assemblies; functional safety solutions; signal isolators and converters; alarms trips and trip amplifiers; I/P and P/I converters; remote I/O and RTUs; HART® gateways, monitors and interfaces; and more. Our worldwide sales and support offices provide excellent customer service and solutions for many industries including chemical, petrochemical, utilities, petroleum extraction and refining, pulp and paper, food and beverage, mining and metal refining, pharmaceuticals, and biotechnology.",www.linkedin.com/company/moore-industries-international-inc/,Not Available,Not Available  Employees,"Indicators: Pressure, Digital
Indicators
Indicators: Digital
Indicators: Electric, Temperature
Indicators: Electronic


Indicators: Flow
Indicators: Pressure
Indicators: Process Control
Indicators: Temperature","All Products / Services

Adapters
Alarms
Controls and Controllers
Converters
Couplers and Couplings
Displays
Electronics
Enclosures
Gateways
Indicators


Instruments
Interfaces
Isolators
Modules
Power Supplies
Relays
Remote Terminal Units (RTU)
Sensors / Detectors / Transducers
Splitters
Stations

View all products / services offered"
Apex Sensor Technology Ltd,,https://www.apex-sensor.com/,"Corona, CA 92880",Manufacturer,"Manufacturer of sensors, transmitters and indicators. Types include pressure, liquid level, temperature, wind speed and flow sensors. Suitable for industrial process control, energy, electricity, hydrology, construction machinery, medical experiment and military equipment applications.",,,Not Available,Not Available  Employees,"Indicators: Pressure, Digital
Indicators


Indicators: Pressure
Indicators: Temperature","All Products / Services

Indicators
Sensors / Detectors / Transducers


Transmitters"
"Exloc Instruments, Inc.",540-428-3088,https://exloc.com/,"Montgomery, TX 77356",Distributor,"Manufacturer and distributor of instruments, electronic devices, electrical equipment, enclosures and specialized systems for hazardous areas. Products include alarm notification products, batch controllers, counters, timers, clocks, tachometers, digital cameras, CCTV cameras, indicators, meters, displays, HMIs, isolating interfaces, maintenance-aid products, motor starters, productivity equipment and devices, purge and pressurization controls, safety barriers, setpoint stations, solenoid valves, static controls, safety switches, temperature transmitters, UPS battery backup systems and wireless equipment and systems. Alarm notification products such as alarm sounders, horns, public address loudspeakers, alarm beacons and annunciators are available. Wireless products include access points, antennas, routers, remote control systems and WLAN systems. Capabilities include custom design engineering, fabrication and integration. Products are FM approved, cUL® US listed and ATEX, IECEx, UL® and CSA® standards certified.","Exloc Instruments, Inc., was born from a desire to provide products specifically designed and approved for use in hazardous classified locations involving flammable gas and dust atmospheres. We specialize in products which are outside the scope of the mainstream process control vendors. Third-party approvals include Factory Mutual, Underwriter's Laboratories, Canadian Standards Association, ATEX and IECEX.

Launched and managed by individuals with a long history of experience and innovation in this unique field of engineering, we have grown to be a widely recognized and respected vendor. Initially serving industrial clients in North America from our Virginia and Houston offices, Exloc is also rapidly acquiring customers throughout the world. In 2012 a sister company was launched in the United Kingdom.",,$1 - 4.9 Mil,1-9  Employees,"Indicators: Pressure, Digital
Indicators
Indicators: Current
Indicators: Digital
Indicators: Directional Drilling


Indicators: Electric Current
Indicators: Electric, Temperature
Indicators: Frequency
Indicators: Gas
Indicators: Leak, Liquid

View all Indicators categories","All Products / Services

Adapters
Alarms
Amplifiers
Annunciators
Assistants
Automation Systems
Barriers
Batchers
Cabinets
Cameras


Clocks
Communication Systems
Computer and Communication Terminals
Computers
Conditioners
Controls and Controllers
Counters
COVID-19 Response
Data Collection Systems
Displays

View all products / services offered"
Dynalco,323-589-6181,https://www.dynalco.com/,"Fort Lauderdale, FL 33309",Manufacturer,"Manufacturers Of Electronic Monitoring, Control & Diagnostic Products For Industrial Engines & Compressors. Many Products Are Signal-Powered, Intrinsically Safe & Third Party Approved. Analyze Mechanical Condition, Performance & Vibration Of Reciprocating Engines, Compressors & Rotating Equipment With Portable Diagnostic Instruments & Windows ™ Software. Diagnostic Products Include: RECIP-TRAP, DIESEL-TRAP, BETA-TRAP, M-HEALTH. Fully Integrated Automation Systems Monitor & Control Engines & Compressors From A Single Console. Automation Products Include: TEC-9000, EAS, ECP. Control Systems Include Inductive & Capacitor Discharge Ignition Systems, Governors & Air/Fuel Ratio Controls. Ignition Products Include: DCSI-98, DCSC-98.",,,Under $1 Mil,1-9  Employees,"Indicators: Pressure, Digital
Indicators: Digital
Indicators: Electric, Temperature
Indicators: Electronic
Indicators: Loop Powered


Indicators: Pressure
Indicators: Process Control
Indicators: Speed
Indicators: Surface Speed
Indicators: Temperature

View all Indicators categories","All Products / Services

Agricultural Equipment
Alarms
Analytical Services
Analyzers
Annunciators
Automation Systems
Balancers
Balancing Services
Barometers
Barriers


Calibrators
Coils
Cold Chain Equipment
Communication Systems
Compressor Parts
Compressors
Controls and Controllers
Converters
Counters
COVID-19 Response

View all products / services offered"
Autonics USA,866-862-2602,https://www.autonicsonline.com/,"Mundelein, IL 60060",Manufacturer,"ISO 9001 certified manufacturer of sensors, controllers, motion devices, pushbuttons & switches. Types of sensors include proximity sensors, photoelectric sensors, area & door sensors, fiber-optic sensors, pressure sensors, sensor controllers & rotary encoders. Controllers such as temperature controllers, counters & timers, HMI & display units, panel meters & switching power supplies are available. Switches such as momentary pushbuttons, illuminated pushbuttons, pilot lamps, double pushbuttons, emergency stops & contact blocks are available. Types of proximity sensors include junction box /panel mounting connectors, connector cables, cylindrical inductive proximity sensors, cylindrical capacitive proximity sensors & rectangular inductive proximity sensors. UL® listed, CE certified & RoHS compliant.","For nearly 35 years, Autonics has been satisfying the automation needs of our customers using sensors and controls, keeping their machines and production facilities operating with a quality and reliability that they can count on. Autonics directly manufactures, with no outsourcing, automation components bringing over 5000 items to market in over 110 countries serving customers around the globe. It is our mission to contrinue to develop new technologies while maintaining the highest level of quality so our customers can continue to rely on Autonics for all their automation needs.",,$1 - 4.9 Mil,1-9  Employees,"Indicators: Pressure, Digital
Indicators
Indicators: Current
Indicators: Digital
Indicators: Electric Current


Indicators: Humidity
Indicators: Pressure
Indicators: Process Control
Indicators: Speed
Indicators: Temperature

View all Indicators categories","All Products / Services

Adapters
Ammeters
Amplifiers
Automation Systems
Blocks
Boxes
Buttons
Cable Components
Connectors
Controls and Controllers


Counters
DeviceNet Components
Displays
Door Parts
Drivers
Electric Wire, Cable and Cable Assemblies
Encoders
Fiber Optic Cable and Cable Assemblies
Fiber Optic Components
Generators

View all products / services offered"
Davis Instruments,888-627-3370,http://www.davis.com,"Tulsa, OK 74146 | Locations",Distributor,"Distributor of test equipment & controls including oscilloscopes, spectrum analyzers, function generators, power supplies, signal generators, meters, power meters, DMMs, clamp meters, probes, pressure transducers.",,,Not Available,Not Available  Employees,"Indicators: Pressure, Digital
Indicators
Indicators: Air Velocity
Indicators: Battery Discharge
Indicators: Carbon Dioxide


Indicators: Carbon Monoxide
Indicators: Combustion
Indicators: Conductivity
Indicators: Current
Indicators: Depth

View all Indicators categories","All Products / Services

Accelerometers
Adapters
Adjusters
Air Quality Systems
Alarms
Altimeters
Ammeters
Amplifiers
Analyzers
Anemometers


Autodialers
Automation Services
Balancers
Balances
Barometers
Baths
Batteries
Blocks
Books
Borescopes

View all products / services offered"
Fluidwell Inc.,844-228-7449,https://www.fluidwell.com/,"Oxford, MA 01540",Manufacturer,"Manufacturer of process instruments including batch controllers and pressure, level and temerparture indicators. Able to monitor logistics including  tank and silo levels.",,,Not Available,Not Available  Employees,"Indicators: Pressure, Digital
Indicators


Indicators: Pressure
Indicators: Temperature","All Products / Services

Controls and Controllers
Indicators


Instruments
Monitors"
Sylvania,800-LIGHTBULB,https://www.ledvanceus.com/Pages/default.aspx,"Danvers, MA 01923 | Locations",Manufacturer,"Incandescent, Fluorescent, High Intensity Discharge",,,$250 Mil. and over,500-999  Employees,"Indicators: Pressure, Digital
Indicators: Carbon Dioxide
Indicators: Carbon Monoxide
Indicators: Combustible Gas
Indicators: Digital


Indicators: Flow
Indicators: Gas
Indicators: Liquid Level
Indicators: Oxygen
Indicators: Position

View all Indicators categories","All Products / Services

Accelerators
Actuators
Aids
Air Handlers
Alarms
Analyzers
Anesthesia Equipment
Angiographic Systems
Arresters
Assemblies


Assembly Machinery
Automation Systems
Automotive Parts
Bakery Machinery
Barriers
Beacons
Blocks
Boilers
Breakers
Brewers

View all products / services offered"
