Company name,Phone number,website (Homepage),Location,Company type,Company Description by Thomasnet,Company Description by the company,Linkedin URL,Annual Sales:,No of Employees:,MANUFACTURING SERVICES,ALL PRODUCTS / SERVICES
Classic Automation,844-865-6740,https://www.classicautomation.com/,"Webster, NY 14580",Remanufacturer,"One-stop-shop remanufacturer of surplus parts for installed control systems, drives, and servo motors. Provides a wide selection of components from many different manufacturers and systems as well as repair services, diagnostics, and program transfer.","Open for online business

Classic Automation serves key industries vital to combating the Coronavirus pandemic. These include critical manufacturing processes such as pharmaceuticals, food and beverage, pulp and paper, utilities, and more. As always, ""We help keep the world's production running"" - and it is important that we continue to operate with this in mind.

Extend the life of your installed control systems, drives, and servo motors with new and refurbished parts and repair services. Reduce your maintenance costs with surplus parts from our extensive inventory for control systems (DCS, PLC, CNC), panel controllers, HMIs, industrial PCs, drives, power supplies, and servo motors. All parts and repairs come with a 2-year warranty.",www.linkedin.com/company/classic-automation,$10 - 24.9 Mil,50-99  Employees,"Boards: Digital Signal Processing
Boards
Boards: Communications


Boards: I/O
Boards: Interface","All Products / Services

Controls and Controllers
Motor Controllers and Drives
Maintenance and Repair Services
Drives
Printed Circuit Boards
Adapters
Backplanes
Bases
Blocks
Boards
Brackets
Breakers


Buses
Cards
Chassis
Circuits
Computer and Communication Terminals
Computer Mice (Mouses)
Computers
Connectors
Converters
Counters
Couplers and Couplings
Covers

View all products / services offered"
"Interworld Electronics & Computer Industries, Inc.",877-902-2979,https://www.interworldna.com/gemini/loggers.php,"Point Roberts, WA 98281 | Locations",Distributor,"Distributor of electronic components including digitizers, data loggers, oscilloscopes, sensors, analyzers, synthesizers and I/O boards or cards. Data acquisition and collection systems are available. Software such as construction estimating, quoting and data analysis are offered. Resistors, capacitors, current shunts, server room monitors, cables, cords, pulse generators and connectors are provided. Other products include tables, pedestals, buttons, trays, cameras, magnifiers, tubes, grommets and workstations. Serves aerospace, automotive, medical, transportation, military and defense industries. Some products are RoHS compliant and UL listed.","When thinking about today's industrial computing environment, the ""basics"" tend to be somewhat complicated. In fact, bringing them all together takes up more time and resources than you care to think about. Have Interworld Electronics assist you in making the correct choice the first time! Products we sell and support include: Digitizers, Data Acquisition, Hardware and Software, Data Loggers, Construction Estimating Software, Communication Boards, USB, PCIe, PCMCIA and Expresscard .",www.linkedin.com/company/interworld-electronics-&-computer-industries-inc./,$1 - 4.9 Mil,1-9  Employees,"Boards: Digital Signal Processing
Boards
Boards: Communications
Boards: Data Acquisition
Boards: I/O


Boards: Interface
Boards: PC-Compatible
PC-104 Analog I/O Boards
PCI Communication Boards
PCI Data Acquisition Boards

View all Boards categories","All Products / Services

Instruments
Analyzers
Cold Chain Equipment
Data Acquisition Systems
Data Loggers
Digitizers
Measuring Equipment
Modules
Oscilloscopes
Probes


Testers
Vaccine Cold Chain Supplies and Logistics
Adapters
Alarms
Ammeters
Autodialers
Belts
Boards
Buttons
Calibrators

View all products / services offered"
"Acromag, Inc.",248-295-0881,https://www.acromag.com/,"Wixom, MI 48393-2417",Manufacturer,"Manufacturer of a wide variety of I/O devices for manufacturing, military, scientific, public utility, and transportation applications. For process instrumentation, the signal conditioning line features transmitters, isolators, alarms, and computation modules. If networked I/O is required, analog and discrete I/O modules for ethernet, modbus, and profibus are offered. For real-time control systems, a full line of high-performance analog, digital I/O and serial I/O bus boards for VMEbus, PCI, and CompactPCI® computer systems including AcroPack®, IndustryPack®, XMC, and PMC mezzanine modules are provided. Rugged embedded computers and COM Express for deployable options are also available.","Acromag is a multi-million dollar international corporation that combines more than 60 years of process monitoring and control experience with a solid background in high-tech computer design. Established in 1957, Acromag built its reputation designing critical measurement instrumentation equipment for the petrochemical and aerospace industries. Acromag, Inc. was soon recognized internationally as a leading designer of analog and digital control products for the industrial I/O market.

Today, Acromag's product line encompasses a wide variety of I/O devices for manufacturing, military, scientific, public utility, and transportation applications. For process instrumentation, Acromag's signal conditioning line features more than 100 transmitters, isolators, alarms, and computation modules. If networked I/O is required, Acromag offers analog and discrete I/O modules for ethernet, modbus, and profibus. For real-time control systems, Acromag provides a full line of high-performance analog, digital More... I/O and serial I/O bus boards for VMEbus, PCI, and CompactPCI® computer systems including AcroPack®, IndustryPack® and PMC mezzanine modules.

 Experience makes the difference. Acromag's years of experience in designing industrial I/O have given us a clear understanding of the problems associated with industrial measurement and control. Solutions to ground loops, RFI/EMI noise, and temperature drift are designed into every product to assure precise operation in hostile environments. Many products are available with agency approvals such as UL, cUL, FM, CSA, CE, ATEX, and others.

 In addition to the over 3800 products available for shipment, Acromag has 60 years' experience modifying units and producing custom products. Once a modification is defined, Acromag enters it into our documentation system and it becomes available as a standard product. This means that it can be re-ordered at any time in the future simply by using the assigned model number.

 You will find that Acromag products routinely out perform their listed specifications. Printed specifications reflect minimum performance standards that every product must meet or exceed before shipment. These conservative specifications guarantee a repeatable level of performance for all applications.

 Strict quality control measures further assure you of the finest product. State of the art manufacturing and test equipment keeps Acromag's products the best in the world. Extensive burn-in procedures and demanding test requirements are among the strict quality control measures used to maintain the high levels of reliability that Acromag customers have come to expect. Over the last several years, Acromag has incorporated the latest techniques of statistical quality management to assure that we maintain and constantly improve our product quality. Less",www.linkedin.com/company/acromag,$10 - 24.9 Mil,50-99  Employees,"Boards: Digital Signal Processing
Boards
Boards: Communications
Boards: Controller
Boards: Data Acquisition


Boards: I/O
Boards: Image Processing
Boards: Interface
Boards: Multifunction
Boards: PC-Compatible

View all Boards categories","All Products / Services

Adapters
Alarms
Amplifiers
Assemblies
Barriers
Blocks
Boards
Buses
Cards
Computers


Conditioners
Connectors
Controls and Controllers
Converters
Counters
Data Acquisition Systems
Digital Memory
Hardware
Indicators
Instruments

View all products / services offered"
VersaLogic Corp.,800-824-3163,https://www.versalogic.com/,"Tualatin, OR 97062",Manufacturer,"Manufacturer of COTS & custom single board computers & computer hardware for digital signal processing in industrial, medical & military applications. Hardware includes CPU boards, data acquisition boards & systems, development platforms, digital I/O modules, enclosures, ethernet adapters, boards, modules & bridges, extraction tools, flash adapters, flash memory modules, low voltage power supplies, motherboards, PC/104, PCI & PCMCIA boards, printed circuit boards, RS-232 modules & video transmitters. RoHS compliant.",,,$1 - 4.9 Mil,50-99  Employees,"Boards: Digital Signal Processing
Boards: Data Acquisition
Boards: I/O
Boards: PC-Compatible
Embedded Boards: Custom


PC-104 Analog I/O Boards
PCI Communication Boards
PCI Data Acquisition Boards
RS-232, RS-422, RS-485 Asynchronous & Synchronous Serial Boards","All Products / Services

Adapters
Boards
Bridges
Cages
Cards
Computers
Controls and Controllers
Data Acquisition Systems
Digital Memory
Embedded Systems


Enclosures
Extractors
Hardware
Modules
Motherboards
Platforms
Power Supplies
Printed Circuit Boards
Transmitters"
"Aegis Electronic Group, Inc",480-635-8400,https://aegis-elec.com/,"Gilbert, AZ 85233 | Locations",Distributor,"Distributor of imaging components & integrated system solutions Applications of imaging components include machine vision, bioscience, microscopy, conferencing, robotics, military, traffic, space & medical applications.","Aegis offers a full line of industrial and machine vision cameras, lenses, frame grabbers, monitors and software for complete integration of your imaging applications. Aegis also provides complete imaging systems with hardware and software solutions. These systems feature the following premier manufacturers: 

Cameras by:

Aegis, AVP, Basler, Canon, CIS Americas, CNB Technology, Elmo, Foculus, Genwac/Watec, Hitachi, Iconix, JAI Pulnix, KT&C, Lumenera, NET, Qwonn, 

Sanyo, Sentech, Sony VIP, Toshiba America, Toshiba-Teli America, Ueye

Frame grabbers by:

BitFlow, Black Magic, Cyberoptics Imagenation, dPict Imaging, Integral Technologies, National Instruments, Viewcast Osprey 

Lenses by:

Canon, CBC America, Fujinon, Kowa, Linos, Navitar, Pentax, Senko ADL, Tamron, Tokina 

 Monitors by:

EverFocus, Orion/ViewZ, 

Panasonic, Sony, Tatung Controllers by:

AVP, SONY, 

Telemetrics 

Cables by:

Nortech/Intercon Housing/Mounts by:

AVP, SONY Lighting by:

Schott Fostec 

Recorders/Players by:

Convergent Design, More... KT&C FCB Converters & Interface Boards:

 Pleora & Aegis Less",,$10 - 24.9 Mil,10-49  Employees,Boards: Digital Signal Processing,"All Products / Services

Adapters
Automation Systems
Boards
Cable Components
Camera Parts
Cameras
Cards
Chips
Converters
Electric Wire, Cable and Cable Assemblies
Grabs
Housings
Inspection Equipment
Kits


Lenses
Machine Vision Systems
Mechanical Wire, Cable and Rope
Monitors
Mounts
Processors
Recorders
Reels
Rings
Software
Splitters
Springs
Surveillance Equipment"
Mistral Solutions Inc.,408-705-2240,https://www.mistralsolutions.com/,"Fremont, CA 94538",Service Company,"Manufacturer of products such as VLSI(very-large-scale integration) hardware, RADAR(Radio Detection And Ranging) and SOM(system on module) modules, development platforms, drones, software, enclosures, boards, switches and finders. SONAR (sound navigation and ranging), electronic warfare, airborne, telemetry, display and naval systems are also available. Services include system engineering, application deployment, software development, hardware, product design, FPGA( field-programmable gate array) design. Other services include production support, PCB (printed circuit board)design, resourcing and quality assurance. Suitable for industrial automation, infotainment, VIP security, airport and ports, emergency management and medical electronics,  applications. Serves the aerospace, defense and homeland security industries.",,,$250 Mil. and over,1-9  Employees,"Boards: Digital Signal Processing


Boards: I/O","All Products / Services

Backplanes
Boards
Computers
Consoles
Controls and Controllers
Displays
Electronic Warfare Systems
Embedded Systems
Enclosures
Encoders
Engineering Services
Finders
Middleware
Modules


Monitoring Systems
Processors
Radar Systems
Recorders
Research, Design and Development Services
Routers
Sensors / Detectors / Transducers
Software
Steering Systems
Surveillance Equipment
Switches
Telemetry Systems
Testing Services
Transistors

View all products / services offered"
Cal-Comp USA,858-587-6900,http://www.calcompusa.com,"Carlsbad, CA 92008",Custom Manufacturer,"EMS provider that specializes in creating custom tailored production systems to suit a wide array of business and product models. Single rapid prototype builds to complex high volume products are available to fit your specific needs. Electronic manufacturing services are available for RF boards, printed circuit boards, board-level assemblies, and box build assemblies. Projects have included modems, networking products, home theater multiplexers, airplane-to-satellite interconnection systems, GPS transponders, prosumer video editing systems, satellite communications modem with GPS, defense communications systems, and medical diagnostic instrumentation. Capabilities include lead free manufacturing, prototyping, program management, materials management, logistics, and fulfillment. Technologies used include through-hole, BGA, microBGA, CGA, lead-free processing and RF technology. JIT inventory system available.1-year warranty on workmanship and material is available. Markets served include military, computer and peripherals, medical, telecommunications, automotive, industrial and consumer products industry. ISO/TS 16949, QS-9000 and AS-9100 certified, FDA registered, IPC-A-610 compliant and NSA and COMSEC approved.",,www.linkedin.com/company/sms-technologies,$50 - 99.9 Mil,200-499  Employees,"Boards: Digital Signal Processing
Boards: Aircraft & Marine Instrument
Boards: Automobile Instrument
Boards: Communications
Boards: Controller


Boards: Data Acquisition
Boards: I/O
Boards: Interface
Boards: PC-Compatible
Boards: Production Control

View all Boards categories","All Products / Services

Additive Manufacturing Services
Amplifiers
Arrays
Assemblies
Assembly Services
Boards
Coatings
Communication Systems
Computers
Connectors


Consulting Services
Conveyors
COVID-19 Response
Diagnostic Equipment
Drivers
Electric Wire, Cable and Cable Assemblies
Electronic Components
Electronics
Engineering Services
Fiber Optic Cable and Cable Assemblies

View all products / services offered"
U.S. Dynamics,631-842-5600,http://www.usdynamicscorp.com/,"Amityville, NY 11701",Service Company,"Military support & sustainment of current products, depot, post production & aftermarket services for electronic & electromechanical systems in support of DMS & legacy programs for domestic & FMS which require repair, overhaul, reverse engineering & new build form, fit & function replacement services.  Core competencies include reverse engineering, system integration, technology insertion, obsolescence management & in-house environmental screening.",,,$10 - 24.9 Mil,100-199  Employees,Boards: Digital Signal Processing,"All Products / Services

Aligners
Amplifiers
Assembly Machinery
Avionics
Boards
Custom Machinery
Electronics
Enclosures
Engineering Services
Gyroscopes
Handling Equipment


Integration Services
Lappers
Machinery
Machining
Maintenance and Repair Services
Positioners
Printed Circuit Boards
Processors
Research, Design and Development Services
Testing Services"
"RTD Embedded Technologies, Inc.",814-234-8087,https://www.rtd.com/,"State College, PA 16803",Manufacturer,"Manufacturer of standard and custom rugged and stackable embedded computer modules, mezzanines and systems. Products include single board computers, specialty, data collection and peripheral modules, power supplies and motion controllers in a variety of specifications, functions and features. Products have been subjected to extreme shock and vibration, humidity and extreme temperatures in the harshest conditions of the oceans, deserts, arctic poles, high altitudes and space. Industries served include commercial, industrial, military, communications and aerospace.","Incorporated in 1985, RTD Embedded Technologies, Inc.  a founder of the PC/104 Consortium and an AS9100 and ISO 9001 certified company  specializes in the research, design, and manufacturing of standards-based computer modules and systems, addressing intelligent process control, data acquisition and processing, adaptive signal processing, video capture, telematics, wireless, field bus, and power supply technologies. Our high-performance products are all designed and manufactured in-house at our Pennsylvania facility. When you work with RTD to engineer application solutions, you benefit from years of defense, aerospace, and industrial experience. Driven by some of the brightest minds in software, hardware, and systems engineering, RTD knows how to deliver. As a long time supplier to the aerospace, defense, transportation, industrial, and maritime industries, RTDs continued focus is to assure the highest degree of excellence and customer satisfaction. Our AS9100 and ISO 9001 registration More... exemplifies our commitment to deliver superior products with unsurpassed attention to quality, safety, and reliability. Less",www.linkedin.com/company/rtd-embedded-technologies-inc-,$10 - 24.9 Mil,10-49  Employees,"Boards: Digital Signal Processing
Boards
Boards: Communications
Boards: Data Acquisition
Boards: Frame Grabber


Boards: I/O
Boards: Interface
Boards: PC-Compatible
Embedded Boards: Custom
PC-104 Analog I/O Boards

View all Boards categories","All Products / Services

Accelerators
Adapters
Analyzers
Boards
Cable Components
Computer Accessories
Computer Peripherals
Computers
Connectors
Consoles


Controls and Controllers
Converters
Counters
Data Acquisition Systems
Digital Memory
Digitizers
Emergency Power & Lighting Supplies
Enclosures
Encoders
Global Positioning Systems (GPS)

View all products / services offered"
Pentek Inc. - Digital Signal Processing,201-818-5900,https://www.pentek.com/,"Upper Saddle River, NJ 07458",Manufacturer,"Manufacturer of high-speed real-time recording systems and software, data acquisition and I/O, digital signal processing (DSP) and software radio products. Signal processing systems include data acquisition systems, I/O systems, digital signal processing computer systems, processors, FMC I/O process systems, field-programmable gate array (FPGA) process systems, recording systems and software radio products. Types of software include board support software, driver software, recording software, processor software and system software. Software radio products such as receivers, transceivers and up-converters are available. Products are available with 1-year warranty. Markets served include defense, medical, research, communications, telecommunications, electronic surveillance, instrumentation, satellites, commercial and industrial.",,,Not Available,Not Available  Employees,"Boards: Digital Signal Processing
Boards
Boards: Adapter
Boards: Data Acquisition


Boards: I/O
Boards: Image Processing
Boards: Interface
Boards: PC-Compatible","All Products / Services

Adapters
Amplifiers
Baseboards
Boards
Cages
Cold Chain Equipment
Communication Systems
Computers
Controls and Controllers
Converters
Data Acquisition Systems


Data Loggers
Drivers
Emulators
Generators
Interfaces
Modules
Processors
Radios
Receivers
Recorders
Routers

View all products / services offered"
Electronic Design Solutions Inc.,610-682-9764,http://www.techlon.com,"Mertztown, PA 19539",Custom Manufacturer,"Consultant and manufacturer of standard and custom electromechanical solutions. Various in-house products include controls, gateways, amplifiers, direct drives, relays, modules, interfaces and switches. Capabilities include consulting, design engineering, repair, and testing.",,,Under $1 Mil,1-9  Employees,"Boards: Digital Signal Processing
Boards


Boards: I/O
Embedded Boards: Custom","All Products / Services

Adapters
Amplifiers
Annunciators
Boards
Clusters
Computers
Consulting Services
Controls and Controllers
Converters
COVID-19 Response
Displays
Electrical Equipment
Electromechanical Devices


Embedded Systems
Engineering Services
Gas Equipment
Gateways
Hardware
Hospital Equipment
Hospitality Products
Indicators
Interfaces
Keyboards
Lighting Components
Lights
Maintenance and Repair Services

View all products / services offered"
Caladena Group,877-225-2336,http://www.caladena.com,"Mississauga, ON L4T3Y8 | Locations",Custom Manufacturer,"Custom manufacturer of electronic assemblies & prototypes. Various types of assemblies include surface mount & through-hole printed circuit board, cable, wire harnessing, mechanical, electromechanical & press fitting assemblies. Other products include boards, connectors, harnesses, interconnects, wire leads & terminations. Capabilities include contract manufacturing, repair, systems integration, design & build. Markets served include industrial, commercial, medical, telecom, governmental & educational. Meets ISO 9001:2000 & IPC 610D Class 2 standards. RoHS compliant.",,,Not Available,Not Available  Employees,"Boards: Digital Signal Processing
Boards: Communications
Boards: Controller
Boards: Data Acquisition
Boards: I/O


Boards: Image Processing
Boards: Interface
Boards: Multifunction
Boards: PC-Compatible
PCI & CompactPCI® Serial Boards

View all Boards categories","All Products / Services

Assemblies
Assembly Services
Boards
Circuit Board Components
Computers
Connectors
Consulting Services
Digital Memory
Electric Wire, Cable and Cable Assemblies
Electronic Components


Electronics
Fabrication Services
Fiber Optic Cable and Cable Assemblies
Fixtures
Forming Services
Harnesses
Leads
Maintenance and Repair Services
Manufacturing Services
Mechanical Wire, Cable and Rope

View all products / services offered"
"BTW, Inc.",763-767-4625,https://www.btw-inc.com/,"Coon Rapids, MN 55448",Custom Manufacturer,"Veteran owned. ISO 13485:2003 and ISO 9001:2008 certified. Specializing in electronics manufacturing services for printed circuit board (PCB) assemblies, mechanical & sub assemblies, wire harnesses & cable assemblies. Capabilities include printed circuit and finished product assembly, system integration, electronics engineering and design, product lifecycle support, test development and testing, third party logistics (3PL) and global supply chain management. Industries served include agriculture, graphic display, robotics, audio/video, imaging, security, automotive, industrial, semiconductor, bioscience, instrumentation, telecommunications, communications, medical, telemetry, computer & peripherals, military, transportation, electronic design, networking, utilities, energy, power supply and wireless. IPC, SMTA, CSA and TUV certified. ITAR registered. RoHS compliant. UL listed. On-time delivery.","BTW has over 20 years of experience in the customized electronics contract manufacturing services industry satisfying the needs of regional, national and international markets. We provide you a tier one like service offering, enhanced by the flexibility and responsiveness of a smaller private organization. Our top deliverables are quality, personal customer service and value. From the earliest concept stages to the moment it arrives in your customers hands, getting your product to market has never been faster, easier or more efficient.

BTW's services include:

* Printed Circuit and Finished Product Assembly

* System Integration

* Electronics Engineering

* Product Lifecycle Support 

* Test Development and Complete Testing Services

* Third Party Logistics (3PL)

* Global Supply Chain Management 

Solutions as Unique as Your Business conveys BTW's philosophy. We tailor everything we do to the unique needs of your business. This customized approach produces higher quality, faster turnaround More... and greater cost effectiveness, so that your business can be more successful. If your existing supplier isn't giving you the one-on-one personal attention you desire, then BTW is for you. Less",www.linkedin.com/company/2670597,$10 - 24.9 Mil,50-99  Employees,"Boards: Digital Signal Processing
Boards: Aircraft & Marine Instrument


Boards: Controller
Boards: Multifunction","All Products / Services

Assemblies
Assembly Services
Barcode Services
Boards
Circuit Board Components
Cleaning Services
Cleanroom Services
Coating Services
Computers
Consulting Services
COVID-19 Response
Documentation Services
EDI


Electric Wire, Cable and Cable Assemblies
Electromechanical Devices
Electronic Components
Electronics
Enclosures
Engineering Services
Freight Transportation & Shipping Services
Fulfillment Services
Harnesses
Inspection Services
Inventory Management Services
Labeling Services
Logistics Services

View all products / services offered"
"PNC, Inc.",973-284-1600,https://www.pnconline.com/,"Nutley, NJ 07110",Custom Manufacturer,"Worldwide AS9100-D, ISO 9001:2008, MIL-PRF-55110, MIL-PRF-31032, ITAR registered, small business, minority owned certified manufacturer of rigid, flex and rigi-flex printed circuit boards, PCB assemblies, laser cut SMT and solder paste stencils. Turnkey and consignment electronic manufacturing including PC board assemblies. Capabilities include through-hole, mixed and surface mount, pitch technologies, 0.015 in. pitch technologies, 2-40 layer high density multilayer PCBs, mechanical assembly, PC board design from schematics, bare board fabrication, testing, manufacturability analysis, component procurement, plastic injection molding, cable and wire harness assembly, engineering, drilling, inhouse CAD/CAM, imaging, laminating, screen printing and screening. Serves the telecommunication, medical, data processing, audio, video and aerospace industries. UL listed for high Tg. RoHS compliant. Kan Ban and JIT delivery.","PNC Inc. is located in Nutley, NJ and is one of the country's leading providers of rigid, rigid-flex, and flex PCB's and the largest of their kind in the region. After adopting the total concept philosophy, PNC is now able to provide customers with PCB design, fabrication, and assembly solutions all under one roof. They are a one-stop shop for all things related to PC boards and are continuously expanding their extensive list of state-of-the-art equipment while maintaining a focus on energy and cost efficiency in order to provide the best product at the best price possible.

PNC Inc.'s recently acquired Accurate Engineering Inc. in Sun Valley, CA. AEI's primary focus is on high-quality flex and rigi-flex PC boards for highly complex applications including aerospace and defense. Their customers include Northrop Grumman, Boeing, Lockheed Martin, NASA, and Raytheon.",www.linkedin.com/company/pnc-inc-,$10 - 24.9 Mil,50-99  Employees,"Boards: Digital Signal Processing
Boards


Boards: Interface","All Products / Services

Assemblies
Assembly Services
Boards
Electronics
Engineering Services
Fabrication Services
Harnesses
Lasers
Manufacturing Services
Military Equipment


Overlays
Pads
Printed Circuit Boards
Programming Services
Prototyping Services
Research, Design and Development Services
Sinks
Stencils
Switches"
"Accu-Sembly, Inc.",626-357-3447,https://accu-sembly.com/,"Duarte, CA 91010",Custom Manufacturer,"ISO 9001:2008 certified custom manufacturer of electronic assemblies including Surface Mount (SMT) & Thru-hole assemblies. Electronic assemblies such as digital dynamometers, deep space radio telescopes, laser pointers, power supplies, video games, & variable power controls are available. Capabilities include lead free SMT & thru-hole assembly, mechanical assembly, electrostatic discharge (ESD) free manufacturing, visual optical & X-ray inspection, testing & potting, prototyping, short production runs & large production runs. Mechanical assembly capabilities include chassis assembly, cable assembly, wire tinning & wire wrapped assembly. SMT assembly meets IPC-A-610 class 2 & class 3 standards. Made in the USA. Full/partial Turnkey services are available.",,,$25 - 49.9 Mil,50-99  Employees,"Boards: Digital Signal Processing
Boards
Boards: Communications
Boards: Controller
Boards: Data Acquisition


Boards: I/O
Boards: Image Processing
Boards: Interface
Boards: Multifunction
Boards: PC-Compatible

View all Boards categories","All Products / Services

Additive Manufacturing Services
Amplifiers
Assemblies
Assembly Services
Boards
Circuit Board Components
Communication Systems
Computers
Connectors
Consulting Services


Controls and Controllers
Converters
COVID-19 Response
Digital Memory
Dosimeters
Drivers
Electric Wire, Cable and Cable Assemblies
Electronic Components
Electronics
Engineering Services

View all products / services offered"
Phoenix Contact,800-888-7388,https://www.phoenixcontact.com/online/portal/us,"Middletown, PA 17057 | Locations",Manufacturer,"Manufacturer of electrical connection, electronic interface, and industrial automation technologies. Products include automation components, automation connectors, board to cable connectors, D-subminiature connectors, electric power connectors, fiber optic connectors, harsh environment connectors, PCB connectors, push-pull connectors, terminal block connectors, DIN rail contactors, ethernet adapters, ethernet networking accessories, inkjet marking systems, lightning protection equipment, power supplies, relays, signal converters, surge suppressors, terminals, terminal blocks, and wire and cable markers. Serves applications in markets such as the automotive, cyber security, mobility, process automation, building automation, solar power, infrastructure, video surveillance, water management, and wind power industries.","Phoenix Contact develops and manufactures industrial electrical and electronic technology products that power, protect, connect and automate systems and equipment. Our products are used in many industries, including:

Automotive

Water/wastewater

Transportation

Power generation

Oil and gas

And many others

A global company.

Phoenix Contact GmbH & Co. KG, Blomberg, Germany has annual sales exceeding 1.77 billion euro (approximately $1.21 billion) Founded in Germany in 1923. 14,000 employees in more than 50 international subsidiaries

With a local presence Phoenix Contact USA, one of the first international subsidiaries, founded in 1981. More than 500 employees in the U.S., including about 415 at U.S. headquarters near Harrisburg, Pa. U.S. headquarters is home to manufacturing and distribution center By bringing production and logistics closer to our customers, we provide shorter lead times, easier on-site reviews, faster response and increased flexibility our U.S. customers Phoenix Contacts More... formal Integrated Management System is registered to ISO quality, environmental and safety standards:

 ISO 9001:2008

 ISO 14001:2004

 OHSAS 18001:2007 Less",www.linkedin.com/company/phoenix-contact-usa,$250 Mil. and over,500-999  Employees,"Boards: Digital Signal Processing
Boards
Boards: Controller


Boards: I/O
Boards: Interface","All Products / Services

Actuators
Adapters
Amplifiers
Antennas
Approved Products
Arresters
Assemblies
Automation Systems
Barriers
Bases
Binders
Binding Equipment


Blades
Blocks
Boards
Boxes
Brackets
Breakers
Bridges
Busbars
Buses
Cabinets
Carriers
Cartridges

View all products / services offered"
Signatec,800-567-4243,http://www.signatec.com,"Lockport, IL 60441",Manufacturer,"Designer & manufacturer of high-speed data acquisition (DAQ), real-time signal processing, waveform generation (DAC) & signal recording systems. High-speed digitizers, waveform generation boards & PC-based spectrum analyzers & oscilloscopes in the PCI Express form factor are available. Capabilities include engineering design, development & training. Applications include aerospace, defense signals intelligence (SIGINT), radar, communication, optical coherence tomography/medical imaging & laboratory test & measurement.",,,$1 - 4.9 Mil,10-49  Employees,"Boards: Digital Signal Processing


Boards: Data Acquisition","All Products / Services

Analyzers
Boards
Data Acquisition Systems
Digitizers
Generators
Network Equipment
Oscilloscopes


Processors
Recorders
Research, Design and Development Services
Software
Training Services
Workstations"
Electronic Services & Design Corp.,717-561-1995,https://www.esdpcb.com/,"Hummelstown, PA 17036",Custom Manufacturer,"Manufacturer of custom rigid printed circuit boards (PCBs). Capable of providing single-side, double-sided, surface mount technology, and multilayer PCBs. Manufacturing capabilities include CNC drilling, routing, and scoring, as well as counter boring and sinking, edge plating, photoimagable solder masking, hot air solder leveling, and electroless nickel/gold edge plating. Value-added electrical testing and optical inspection services are available. Can handle prototype, small, and medium production runs. RoHS compliant. UL registered.",,,$5 - 9.9 Mil,10-49  Employees,"Boards: Digital Signal Processing


Boards: Controller","All Products / Services

Boards
Computers
Cutting Services
Digital Memory
Drilling Services


Electronics
Manufacturing Services
Printed Circuit Boards
Prototyping Services
Routing Services"
Dsplogic,301-977-5970,Http://www.dsplogic.com,"Germantown, MD 20874",Manufacturer,"Manufacturer Of Programming Tools & Services For Hybrid Fpga Computing Systems Specializing In High Performance Reconfigurable Computing & Digital Signal Processing Tools, Algorithms & Implementations.",,,Under $1 Mil,10-49  Employees,Boards: Digital Signal Processing,"All Products / Services

Boards


Processors"
"Interface, Inc.",800-947-5598,https://www.interfaceforce.com/,"Scottsdale, AZ 85260",Manufacturer,"Custom manufacturer of load cells & torque transducers. Adapters, amplifiers, torque analyzers, signal conditioning boards, calibration equipment, test cells, signal conditioners, controllers, tension, torque & pressure controls, data logging equipment, digital readout systems, flowmeters, tension, angular measuring, strain & torque gages, inclinometers, battery discharge, bin level, digital, electronic, load, position, speed, strain gage, tension & torque indicators, flow recording, force, strain & torque measuring instruments, strain gage & high capacity load cells, meters, monitors, recorders, resistors, scales, sensors, simulators, calibration standards, testers, switches, transmitters, weighing systems, transformers & transducers are available. Tooling accessories include mounting plates, load buttons, calibration & thread adapters, jam nuts, rod end bearings, clevises, junction boxes, RCAL resistors, mating connectors & transducer interconnect cable assemblies. Industries served include automotive, medical, oil & aerospace. Calibration, force measurement, instrument calibrating, material testing, load cell calibration & repair services are also available.",,,$25 - 49.9 Mil,200-499  Employees,"Boards: Digital Signal Processing


Boards","All Products / Services

Accumulators
Adapters
Amplifiers
Analyzers
Belts
Boards
Boxes
Buttons
Calibration Services
Calibrators
Cells
Clevises
Cold Chain Equipment
Conditioners


Connectors
Controls and Controllers
COVID-19 Response
Data Loggers
Electronics
Ends
Flowmeters
Gages
Handling Equipment
Inclinometers
Indicators
Instruments
Laboratory Equipment
Loads

View all products / services offered"
Coryell & Wiprud,512-328-5630,http://coryell-wiprud.com,"Austin, TX 78746",Manufacturer,"Manufacturer of digital signal processing hardware, software, and systems. Products include channel processor cards, evaluation boards, transmitters, receivers, demodulators, re-samplers, signal memory systems, and image processors.",,,Not Available,Not Available  Employees,"Boards: Digital Signal Processing
Boards


Boards: Evaluation
Boards: Image Processing","All Products / Services

Boards
Cards
Digital Memory
Hardware


Processors
Receivers
Software
Transmitters"
Murrelektronik Inc.,888-230-6877,https://www.murrelektronik.com/,"Suwanee, GA 30024 | Locations",Manufacturer,"Manufacturer of control cabinet products & control systems. Products include power distribution products such as single and three phase power supplies, transformers, interference suppressor modules & coupling modules for disconnecting, switching or converting voltage, converters, rectifiers, control cabinet plug sockets, EMC filters, EMC suppressors, safety & plug relays, optocouplers, semiconductors, active & passive interface technology, eurocard holders, control components, signal towers, front panel interfaces, control cabinet interfaces, cable entry systems, round plug connectors, T-couplers, valve plugs, flange plug connectors, digital inputs & outputs, relays, filters & converters, field bus distribution blocks and distributed I/O systems.",,,$5 - 9.9 Mil,10-49  Employees,"Boards: Digital Signal Processing


Boards: I/O","All Products / Services

Actuators
Adapters
Automation Systems
Blocks
Boards
Breakers
Buses
Cable Components
Changers
Comparators
Conditioners
Connector Parts
Connectors
Controls and Controllers


Converters
DeviceNet Components
Distribution Systems
Electric Wire, Cable and Cable Assemblies
Filters
Frames
Generators
Interfaces
Lights
Modules
Networks
Plugs and Stoppers
Power Supplies
Processors

View all products / services offered"
Signal Processing Devices Inc.,415-533-1341,https://www.spdevices.com/,"San Ramon, CA 94583",Manufacturer,"Manufacturer of digitizers. Products include 8, 12 and 14 bit digitizers, signal generators, modules, network interface cards, data storage units, and digital signal processing boards. Applications include communications, radio base stations, radar, signals intelligence, and test and measurement.",,,Not Available,Not Available  Employees,"Boards: Digital Signal Processing
Boards


Boards: Interface","All Products / Services

Boards
Cards
Digitizers
Distribution Systems


Generators
Modules
Storage Equipment"
"CJ Component Products, LLC",877-345-8161,http://www.cjcomponents.com,"Oakdale, NY 11769",Manufacturer,"ISO 9001:2000 certified manufacturer of military equipment & supplies. Products include antennas, handsets, headsets, loudspeakers, panels, microphones, field telephones, helmets, cable assemblies, wires, communication consoles, switches, radio sets, masts, markers, helicopter parts & accessories, locomotive parts, telephone generators, controls & cords. Communication systems, digital audio systems & encryption systems are available. Contract manufacturing services are available for automotive & electromechanical assemblies & plastic molds. Capabilities include injection molding & co-development & production. Products are suitable for military applications.","CJ has years of experience in the manufacturing and logistical service of military electronics and communication equipment. After producing the components for the AN/VIC-1 vehicle intercom system in the 1980s, it seemed like a normal progression to supply the cabling and audio products associated with military vehicular communication systems. Today, we have complete product lines of handsets, headsets, microphones and speakers, as well as cable assemblies and cabling products and our original product line of communication systems that made us the quality company we are today.

CJ maintains production facilities just outside of Ft. Wayne, Indiana, while having offices just east of New York City. We maintain co-operation agreements with our tool and die /injection molding partners in Ft. Wayne. Most of the support or sub-contract facilities used by CJ are located within driving distance of our production facility or offices. This gives us the ability to take care of our own tooling for the More... components we manufacture. We also maintain extensive inventories on the systems we support. All of this enables us to perform at a high level of productivity and on-time performance.

 CJ supports the standard range of tactical audio components. Our specialty, however, comes in the form of engineering our product line to meet your specification needs for your radio system. Products are upgraded, new technologies are added and new products are developed. Examples of this are our newest line of handsets with crypto capability as well as a complete range of handsets and headsets with electret microphones. CJ has a state-of-the-art modern production facility for our audio products. The microphone and earphone elements as well as the PTT switch assemblies are completely manufactured in-house. Latest audio end electrical test equipment is used and each product on average is tested up to four times during assembly. Services not done in-house, such as tool & die and injection molding, are performed locally with partners. All this gives us the ability to control the quality standards we strive for and the on-time delivery the customer demands. In March of 2001, CJ Components completed setting up its quality control systems and procedures to meet the specifications of ISO9001/2000. In June of 2001, we were audited and became a certified and registered ISO 9001/2000 firm. Less",,$1 - 4.9 Mil,10-49  Employees,Boards: Digital Signal Processing,"All Products / Services

Adapters
Aircraft Parts
Alarms
Antennas
Assemblies
Audio Visual (AV) Equipment
Bases
Boards
Booms
Clamps
Communication Systems
Connectors
Consoles
Consulting Services


Controls and Controllers
Diaphragms
Dies
Disaster Preparedness Supplies
Displays
Distribution Systems
Electric Wire, Cable and Cable Assemblies
Electrical Equipment
Electronic Components
Electronics
Encryption Systems
Fire Fighting Electronics
Generators
Handsets

View all products / services offered"
Static Controls Corp.,248-926-4400,http://www.scccontrols.com,"Wixom, MI 48393",Manufacturer,"ISO 9001 certified manufacturer & supplier of electronics signs, LED displays, moving message displays, electronic message centers, programmable display boards, visual factory products featuring controls & diagnostics for improved communications & process uptime, marquee displays, scoreboards, indoor & outdoor signs for convenience stores, gasoline & services stations, schools & a wide range of other applications. Custom engineering & design.",,,$5 - 9.9 Mil,10-49  Employees,"Boards: Digital Signal Processing
Boards: Aircraft & Marine Instrument
Boards: Arrival & Departure, Airports, Bus & Train Station
Boards: Arrow, Flashing, Traffic Detour
Boards: Automobile Instrument


Boards: Changeable Letter
Boards: Communications
Boards: Controller
Boards: Data Acquisition
Boards: Display & Exhibit

View all Boards categories","All Products / Services

Alarms
Beacons
Billboards
Boards
Communication Systems
Consulting Services
Controls and Controllers
Counters
COVID-19 Response
Diagnostic Equipment


Digital Memory
Display Components
Displays
Emergency Power & Lighting Supplies
Engineering Services
Hurricane Response
Identification Products
Identifiers
Indicators
Instruments

View all products / services offered"
"Danville Signal Processing, Inc.",507-263-5854,https://danvillesignal.com/,"Cannon Falls, MN 55009",Manufacturer,"Manufacturer of digital signal processing devices for audio, acoustics and vibration instrumentation markets. Products include DCP boards and engines, I/O modules, audio systems, tone suppression and noise reduction instruments.",,,Under $1 Mil,1-9  Employees,"Boards: Digital Signal Processing


Boards","All Products / Services

Adapters
Audio Visual (AV) Equipment
Boards
Conditioners
Controls and Controllers
Crossovers


Engines
Instruments
Modules
Processors
Suppressors
Tools"
"Dewetron, Inc.",401-284-3750,https://www.dewetron.com/,"East Greenwich, RI 02818 | Locations",Manufacturer,"Manufacturer of test and measurement products for high precision data acquisition. Signal conditioning, measurement systems, software, sensors and components and turnkey systems are available. Signal conditioning systems include amplifier modules, isolated amplifiers, CPAD/EPAD modules, Modular Smart Interfaces (MSI) and signal conditioning chassis. Measurement systems include mainframes, front-ends and industrial PCs. A/D boards, interface cards, power supply systems, cameras, RPM and angle sensors, motion trackers and current transducers are available. Turnkey systems include power, fast Fourier transform (FFT) and combustion analyzers, transient, stream machine, current voltage temperature logger and recorders. Capabilities include metrological, calibration, rental and leasing, maintenance and repair services. Industries served include automotive, aerospace, energy and power analysis and transportation.","We measure values, we create value. Dewetron systems are modular in design allowing us to design measurement systems to meet the unique needs of our clients, strengthening their competitive edge. With modular systems, amplifier components can be easily exchanged or the number increased whenever and wherever necessary. Use one system and adapt it to many different tasks in your work environment. This kind of flexibility guarantees sustainability and investment security. Dewetron is the preferred contact for measurement engineering in the power and energy, automotive, aerospace and transportation industries. Our strength lies in customized solutions and sophisticated technology. More than 25 years of experience, innovation, and collaboration have awarded Dewetron the trust and respect of the global market. There are more than 20,000 Dewetron measurement systems and over 300,000 measurement channels in use in well-known companies worldwide. Choosing Dewetron means having a partner by your More... side who accompanies you every step of the way. Dewetron quality is certified in compliance with ISO9001/ISO14001. Less",www.linkedin.com/company/dewetron,$25 - 49.9 Mil,50-99  Employees,"Boards: Digital Signal Processing
Boards
Boards: Data Acquisition
Boards: I/O


Boards: In & Out Indicating
Boards: PC-Compatible
Boards: Programming","All Products / Services

Adapters
Ammeters
Amplifiers
Analyzers
Boards
Cameras
Cards
Chassis
Clamps
Clocks
Cold Chain Equipment


Computers
Conditioners
Converters
COVID-19 Response
Data Acquisition Systems
Data Collection Systems
Data Loggers
Digital Memory
Displays
Distribution Systems
Electric Wire, Cable and Cable Assemblies

View all products / services offered"
SenTek Corp.,877-573-6835,http://www.sentekcorp.com,"Columbus, OH 43209",Manufacturer,"Manufacturer of measurement & instrumentation systems including gages. Types of gages include thickness, coating weight, profile & laboratory gauges. Sensors, data logging systems & electronic platforms are also available. Replacement parts include x-ray & isotope sources, ion chamber detectors, electrometer pre-amplifiers, shutter & flag parts, signal processor boards, sensor windows, gaskets, O-rings & seals, fin heaters, thermistors, cabinet keyboard shelves & touch-screen monitors. Capabilities include gauge calibration, repair & refurbishment, rolling mill analysis, panel designing, engineering, assembly & training. Radiation services including safety training, sealed source leak testing, replacement, installation, removal, storage & disposal & radiation surveys are also available. Products are used in aluminum, copper & brass, steel, stainless steel & titanium metal industries.",,,Under $1 Mil,1-9  Employees,Boards: Digital Signal Processing,"All Products / Services

Boards
Calibration Services
Chambers
Cold Chain Equipment
Data Loggers
Documentation Services
Electrometers
Engineering Services
Forming Services
Gages
Gaskets
Heaters
Logging Equipment


Maintenance and Repair Services
Mills
Monitors
Platforms
Research, Design and Development Services
Rings
Seals
Sensors / Detectors / Transducers
Sources
Testing Services
Training Services
Vaccine Cold Chain Supplies and Logistics"
Contec Americas Inc.,321-728-0172,https://www.contec.com/,"Melbourne, FL 32934",Manufacturer,"Manufacturer of industrial and embedded computers, thin client computers, motherboards and single-board computers (SBCs), data acquisition (DAQ), measurement and control, IoT/M2M solutions including gateways, controllers, and industrial communication devices, rugged tablets, All-in-Ones (AIOs) and panel PCs, industrial and medical monitors. Serves the factory automation, transportation, manufacturing, IoT/M2M, medical and life sciences, robotics, security, energy, government industries. RoHS compliant. 1 to 3 year warranty. US-Based manufacturing with additional locations around the world. ISO 13485:2016, ISO 9001:2015, class 10,000, ISO 7 modular cleanroom.","Contec is a global electronics manufacturer and systems integrator specializing in embedded computing, industrial automation, and M2M/IoT communication technology. We are designated as a critical supplier during the pandemic and currently supply technology that is crucial to COVID-19 testing and treatment. Learn more about who we are on our website.

Our products are manufactured in the United States and used around the world in factory automation, transportation, medical and life sciences, robotics, security, energy, government, and beyond. Many of our products are now available for purchase online in our new eShop. U.S. customers buy now!

Our US-based manufacturing and integration facility is ISO 13485:2016 and ISO 9001:2015 registered and includes a class 10,000, ISO 7 modular cleanroom. This modern, new facility in Melbourne, Florida houses production and fulfillment as well as engineering, procurement, sales, and other administrative and executive teams.

Product categories include industrial/embedded More... computers, thin client computers, motherboards and single board computers (SBCs), data acquisition (DAQ), measurement and control, IoT/M2M solutions including gateways, controllers, and industrial communication devices, rugged tablets, all-in-ones (AIOs) and panel pcs, industrial and medical monitors.

 In addition to our product portfolio, Contec offers comprehensive end-to-end services including custom engineering design and development, inventory management, systems integration, product life cycle management (PLM), custom branding, software image development and revision control.

 Contec is open for business and ready to help you today! Less",www.linkedin.com/company/114576/,$250 Mil. and over,500-999  Employees,"Boards: Digital Signal Processing
Boards
Boards: Communications
Boards: Data Acquisition
Boards: I/O


Boards: Interface
PCI & CompactPCI® Serial Boards
PCI Communication Boards
PCI Data Acquisition Boards","All Products / Services

Blocks
Boards
Cards
Cloud Services
Computer and Communication Terminals
Computer Services
Computers
Controls and Controllers
Converters
COVID-19 Response


Data Acquisition Systems
Displays
Electric Wire, Cable and Cable Assemblies
Hubs
Integration Services
Interfaces
Internet of Things (IoT) Services
Modules
Monitors
Network Equipment

View all products / services offered"
Amberwave Systems Corporation,603-870-8700,http://www.amberwave.com,"Salem, NH 03079",Manufacturer,"Strained Silicon Materials, Processes, Devices & Integrated Circuits. Materials Integration & Device Implementation Of Relaxed SiGe-Based Heterostructures. Research & Development. Prototype & Small Production Volumes Of All Its Products",,,$5 - 9.9 Mil,10-49  Employees,Boards: Digital Signal Processing,"All Products / Services

Amplifiers
Arrays
Boards
Chips
Controls and Controllers
Mixers


Multiplexers
Processors
Semiconductors
Sensors / Detectors / Transducers
Silicon
Switches"
Validyne Engineering Sales Corp.,818-886-8488,https://www.validyne.com/,"Northridge, CA 91324",Manufacturer,"Turnkey custom manufacturer of measurement equipment, signal conditioning equipment & data acquisition equipment. Pressure transmitters, pressure transducers, PCI sensor interface cards, pressure sensors, sensor carrier demodulators, PC data acquisition systems, vehicle data acquisition systems, nuclear data acquisition systems & accessories are available. Services include design & turnkey integration. Accessories such as mating electrical connectors, sensor replacement diaphragms, O-rings, bolts & gaskets are available. Applications include automotive & flight testing & test cells, medical research in pulmonary function, industrial & materials testing, HVAC, climatic wind tunnels, oil exploration, wind turbines, process & automation. Products can also be customized to specifications.",,,$5 - 9.9 Mil,50-99  Employees,"Boards: Digital Signal Processing
Boards: Data Acquisition


PCI Data Acquisition Boards","All Products / Services

Amplifiers
Boards
Bolts
Calibrators
Cards
Conditioners
Connectors
Converters
Data Acquisition Systems
Diaphragms
Displays
Electric Wire, Cable and Cable Assemblies


Electronics
Gages
Gaskets
Indicators
LEDs
Measuring Equipment
Modules
Printed Circuit Boards
Readout Systems
Rings
Sensors / Detectors / Transducers
Transmitters"
"North Atlantic Industries, Inc.",631-567-1100,https://www.naii.com/,"Bohemia, NY 11716",Manufacturer,"Designer and manufacturer of embedded electronic and computing systems for rugged defense, industrial, commercial, and aerospace applications. Products include multifunction I/O boards, single board computers (SBCs), rugged COTS systems, and rugged power supplies. Preconfigured COTS-based, pre-validated systems are also available and designed to meet critical system requirements. Qualified to MIL-STD-461F, MIL-STD-810G, MIL-STD-1275D & MIL-STD-704A","Founded in 1955, North Atlantic Industries, Inc. (NAI) is a leading independent provider of embedded electronic and computing systems for rugged defense, industrial, commercial, and aerospace applications. We accelerate our client's time-to-mission with a unique approach based on a configurable open systems architecture, (COSA), that delivers the best of both worlds: custom solutions from standard commercial off-the-shelf (COTS) components. For more than 50 years, companies like Boeing, Northrop Grumman, and Raytheon have relied on NAI to meet the demanding requirements of a wide range of I/O- and communication-centric applications with uncompromising quality, efficiency, and responsiveness. We have built a reputation by listening to our customers; understanding their needs; and designing, testing, and delivering board and system-level products for their most demanding air, land, and sea requirements.

NAI has a wide breadth of products, including multifunction I/O boards, single board computers More... (SBCs), rugged COTS systems, and rugged power supplies which can be combined with over 70+ available, field-proven functions. All of our products are designed, manufactured and tested in-house at our state-of-the-art facility in Bohemia, New York. Less",www.linkedin.com/company/north-atlantic-industries/,$25 - 49.9 Mil,100-199  Employees,"Boards: Digital Signal Processing
Boards: Communications
Boards: Controller
Boards: Data Acquisition
Boards: I/O


Boards: Interface
Boards: Multifunction
Boards: PC-Compatible
Embedded Boards: Custom
PCI & CompactPCI® Serial Boards

View all Boards categories","All Products / Services

Boards
Cards
Computers
Controls and Controllers
Data Acquisition Systems
Embedded Systems
Interfaces


Modules
Power Supplies
Printed Circuit Boards
Processors
Relays
Storage Equipment
Switches"
"Cooper Instruments & Systems, a Group-4 Company",833-672-7015,https://www.cooperinstruments.com?utm_source=thomas&utm_medium=cpc&utm_campaign=cooper_thomas,"Warrenton, VA 20187",Manufacturer,"Manufacturer of instruments & systems. Types include load cells, digital force indicators, pressure transducer transmitters, torque gages, torque load cells, bolt force sensors, bridge amplifiers, mechanical & electronic force gages, crane scales, test stands & hydraulic presses, LVDT displacement transducers, quartz impact sensors, weld force probes, printers & chart recorders & force sensors. Digital instruments include single to multichannel digital instrumentation, hand held indicators & portable instruments. Capabilities include computerized calibration systems using dead weights & ultra-precision load cells, metal fabrication, custom cable assembly & wiring, custom fixtures for mount load, computer-aided design & 3-D modeling. Calibration services are also available, meeting NIST standards, systems testing, tensile & compressive testing.","About Cooper Instruments, a Group Four Company

Cooper Instruments is a leader in the force and pressure measurement and testing industry. We sell, calibrate and distribute complete product custom force and pressure application solutions to meet your measurement needs and objectives. Cooper Instruments was founded in 1988 by the late Sam Cooper to provide custom force and pressure product solutions to span a wide variety of industries and to fill a market void for consistent, reliable, and complete calibration services for custom designed and engineered measurement system solutions.

About Group Four Transducers

Group Four Transducers, Inc. is a global provider of weight and force measurement products. The company specializes in dependable, application-engineered products by utilizing its lean business philosophy to consistently meet the needs of its customers worldwide. The company's products are found in a wide variety of applications specializing in packaging solutions but also ranging More... from physical rehabilitation equipment, medical devices, automated self-checkout scales, aircraft weight and balance apparatus, and thousands of other applications. Group Four Transducers is headquartered in East Longmeadow, Massachusetts with manufacturing in Massachusetts and Dankatua, Sri Lanka. Less",www.linkedin.com/company/cooper-instruments-and-systems/,$10 - 24.9 Mil,10-49  Employees,"Boards: Digital Signal Processing


Boards: Interface","All Products / Services

Accelerometers
Adapters
Amplifiers
Analyzers
Assemblies
Attachments
Barriers
Boards
Bolts
Boxes
Buttons
Cable Components
Calibration Services
Calibrators


Cards
Cells
Cold Chain Equipment
Computers
Conditioners
Controls and Controllers
Couplers and Couplings
COVID-19 Response
Data Acquisition Systems
Data Loggers
Dynamometers
Electronics
Enclosures
Ends

View all products / services offered"
"Production Technologies, Inc.",952-944-1076,,"Minneapolis, MN 55439-2417",Custom Manufacturer,"Specializing In Surface Mount, Through-Hole PCB Assembly, IPC610B I, II, III & ISO 9000 Compliant, ISO Certification Q1, 1998. Full Range Services From Simple Consignment Assembly To Complete Turnkey, Final Assembly & Test. Dedicated Environmentally Controlled Surface Mount Assembly Room. 2 MYDATA Placement Machines With Fine Pitch Vision & Electrical Component Verification. 2 Vitronics Reflow Ovens, 1 With Nitrogen & Assorted Epoxy Placement & Screen Printing Options. Amistar Dip & Radial With Hollis GBSII Wave Solder. ISO 9002 Registered",,,$1 - 4.9 Mil,10-49  Employees,Boards: Digital Signal Processing,"All Products / Services

Assemblies
Boards
Digital Memory
Electric Wire, Cable and Cable Assemblies
Electronics
Maintenance and Repair Services


Manufacturing Services
Printed Circuit Boards
Soldering Services
Subassemblies
Wrapping Services"
REDCOM EMS,585-924-7550,,"Victor, NY 14564-0995",Custom Manufacturer,"Electronics manufacturing services specializing in PCBAs, low volume/high mix (LVHM) production profiles, custom wiring harnesses, cable assemblies & magnetics. Capabilities include 3D printing, coating systems, soldering, reworking, ICT and flying probe testing, x-ray, thermal testing, and router de-paneling. ISO 9001:2015, AS9100D:2016 (for aviation, space, & defense), and ISO 13485 (for medical devices) certified. Industries served include Aerospace, Defense, Telecommunications, Networking, Energy, Industrial, Transportation, Health Care, and Medical Devices.","REDCOM EMS: Prepared to help our customers succeed.

We are now almost six years operating as an EMS provider. We have experienced the satisfaction of leveraging our 30+ years experience as an OEM designer and manufacturer of telecommunications hardware for the benefit of our new EMS customers. And we want to keep doing it.

We are especially excited about the opportunities to service those customers producing products that will fulfill the promise of the Internet of Things (IoT) products such as IoT Gateways and other ""edge"" data processing hardware products. We are on very familiar terms with the techniques and challenges related to manufacturing these kinds of ""boxes"" and the PCBAs within them. Real estate is usually in short supply, and that's why two-sided SMT is so important; we have selective soldering equipment, enabling us to efficiently produce this mixed-technology (SMT + through-hole) boards. We've designed and built boxes with extended operating temperature ranges, learning much More... about how to ""keep cool"", be it with careful heat sink selection or simply making sure that connecting cables do not interfere with convection flows. 

 Below is a list of equipment that makes up our new (2014) PCBA assembly line:

 - Universal Fuzion (48K placements/hour) 

 - MPM Momentum Stencil Printer 

 - Vitronics Soltec XPM 3i 820 Reflow Soldering System 

 - KISS-104 Automated Selective Solder machine

 - Vi Technology 5K SPECTRO Automated Optical Inspection

 - Air-Vac Engineering ONYX 29 Advanced SMT Production Rework & Assembly. Less",,$10 - 24.9 Mil,100-199  Employees,"Boards: Digital Signal Processing
Boards: Data Acquisition


Boards: I/O
Boards: Interface","All Products / Services

Assemblies
Assembly Services
Boards
Cards
Communication Systems
Computers
Consulting Services
Contacts
Electric Wire, Cable and Cable Assemblies
Engineering Services
Fiber Optic Cable and Cable Assemblies
Forming Services
Hardware


Harnesses
Inductors
Interfaces
Logistics Services
Magnets
Maintenance and Repair Services
Manufacturing Services
Mechanical Wire, Cable and Rope
Modules
Networks
Printed Circuit Boards
Prototyping Services
Recycling Services

View all products / services offered"
"Mercury Systems, Inc.",866-411MRCY,https://www.mrcy.com,"Andover, MA 01810 | Locations",Manufacturer,Manufacturer of digital signal & image processing systems. Registered ISO 9001:2000;ISO 9001; ISO 13485; CDMCAS; MDD.,,,$100 - 249.9 Mil,500-999  Employees,"Boards: Digital Signal Processing


Boards: Image Processing","All Products / Services

Boards
Chips
Computers
Modules


Motherboards
Printed Circuit Boards
Processors"
Radisys,503-615-1100,https://www.radisys.com/,"Hillsboro, OR 97124 | Locations",Manufacturer,Manufacturer Of Computer Hardware,,,$100 - 249.9 Mil,500-999  Employees,"Boards: Digital Signal Processing


Boards: Voice Processing","All Products / Services

Boards
Computers
Controls and Controllers
Enclosures


Femtocells
Hardware
Interfaces
Motherboards"
Communication Automation & Control (Cac),610-692-9526,https://www.cacdsp.com/,"West Chester, PA 19380",Custom Manufacturer,Manufacturer Of Printed Circuit Boards,,,Under $1 Mil,1-9  Employees,Boards: Digital Signal Processing,"All Products / Services

Boards


Printed Circuit Boards"
Digital Audio Labs,952-401-7700,https://www.digitalaudio.com/,"Chanhassen, MN 55317",Manufacturer,"Manufacturer of analog to digital conversion products for commercial, entertainment and music industries. Products include digital signal processing, and amplification and contract devices.",,,Under $1 Mil,1-9  Employees,"Boards: Digital Signal Processing


Boards","All Products / Services

Amplifiers
Boards
Cards


Converters
Medical Equipment
Medical Products and Hospital Equipment"
Comark Corporation,,https://comarkcorp.com/,"Milford, MA 01757",Manufacturer,Manufacturer Of Ind. Enclosures; Design Service,,,$10 - 24.9 Mil,50-99  Employees,"Boards: Digital Signal Processing


Boards: Controller","All Products / Services

Automation Systems
Boards
Cages
Computer and Communication Terminals
Computer Peripherals
Computers
Controls and Controllers
Digital Memory


Displays
Enclosures
Modules
Monitors
Software
Terminals and Lugs
Workstations"
"Quickfilter Technologies, Inc.",214-547-0460,http://www.quickfiltertech.com,"Allen, TX 75002",Manufacturer,Manufacturer of programmable filters.,,,$1 - 4.9 Mil,10-49  Employees,"Boards: Digital Signal Processing


Boards","All Products / Services

Boards
Circuits
Converters
Filters


Hardware
Processors
Semiconductors
Software"
"Alacron, Inc.",603-891-2750,http://www.alacron.com,"Nashua, NH 03060",Manufacturer,"Designs, Develops, & Distributes Frame Grabbers, Accelerated Frame Grabbers, PMC Boards, & Computing Subsystems. Hardware Products Support A Balanced Architecture Of Flexible I/O & Processing Power With The Computational & Memory Bandwidth Required By Demanding, Real-Time Imaging, Vision, & DSP Applications. Software Development Tools Are Based On The Philips TriMedia™ & Motorola Altivec™ Processors. Subsystems Are Supported By A Full Range Of Software Development Tools, Including Microcoded Signal & Image Processing Libraries",,,$1 - 4.9 Mil,10-49  Employees,"Boards: Digital Signal Processing


Boards: Image Processing","All Products / Services

Accelerators
Boards
Grabs
Machine Vision Systems


Modules
Processors
Software"
"Q.E.I., Inc.",973-379-7400,https://www.qeiinc.com/,"Springfield, NJ 07081",Manufacturer,Manufacturer of Supervisory Control & Data Acquisition (SCADA) equipment & systems.,,,$5 - 9.9 Mil,50-99  Employees,"Boards: Digital Signal Processing


Boards: Data Acquisition","All Products / Services

Boards
Controls and Controllers
Data Acquisition Systems
Freight Transportation & Shipping Services
Handling Equipment
Management Systems


Motor Controllers and Drives
Panels
Software
Switches
Telemetry Systems
Transmitters"
Spectrum Signal Processing Inc.,800-663-8986,http://www.spectrumsignal.com/,"Burnaby, BC V5A4X1",Manufacturer,Signal Processing Systems,,,$100 - 249.9 Mil,500-999  Employees,Boards: Digital Signal Processing,"All Products / Services

Boards
Modules


Processors"
Symmetric Research,909-674-5568,http://www.symres.com,"Redlands, CA 92374",Manufacturer,Printed Circuit Boards,,,Under $1 Mil,1-9  Employees,"Boards: Digital Signal Processing


Boards: Data Acquisition","All Products / Services

Boards
Data Acquisition Systems


Printed Circuit Boards"
"Intelligent Instrumentation, Inc.",800-685-9911,https://www.instrument.com/,"Tucson, AZ 85756",Manufacturer,"Manufacturer of data acquisition boards & systems, ethernet data acquisition systems, industrial bar code terminals & operator interface terminals.",,,$1 - 4.9 Mil,10-49  Employees,"Boards: Digital Signal Processing
Boards: Data Acquisition


Boards: Multifunction","All Products / Services

Attendance Systems
Boards
Computer and Communication Terminals
Controls and Controllers
Data Acquisition Systems
Data Collection Systems


Digital Memory
Instruments
Measuring Equipment
Printed Circuit Boards
Software
Testers"
Microstar Laboratories,888-678-2752,http://www.mstarlabs.com,"Bellevue, WA 98004",Manufacturer,Manufacturer of data acquisition systems.,,,$1 - 4.9 Mil,10-49  Employees,"Boards: Digital Signal Processing


Boards: Data Acquisition","All Products / Services

Boards
Cold Chain Equipment
Computers
Controls and Controllers


Data Acquisition Systems
Data Loggers
Instruments
Vaccine Cold Chain Supplies and Logistics"
K & F Electronics,586-294-8720,https://circuitboards.com/,"Fraser, MI 48026",Custom Manufacturer,Manufacturer Of Printed Circuits,,,$5 - 9.9 Mil,10-49  Employees,"Boards: Digital Signal Processing
Boards: Interface


Boards: Plotting","All Products / Services

Backplanes
Bits
Boards
Circuit Board Components
Digital Memory
Dryers


Mills
Plating Machinery
Printed Circuit Boards
Prototyping Services
Research, Design and Development Services"
"Noritake Co., Inc., Electronics Division",800-779-5846,https://www.noritake-elec.com/,"Arlington Heights, IL 60005-4625 | Locations",Manufacturer,"Inventor of vacuum fluorescent displays. Full line of VFDs for automotive, industrial, gaming, medical, appliance, vending & other markets. Available in standard & custom designed dot matrix, graphics & 14 segment modules & tubes. Many models are in stock for immediate delivery. Thick film substrates with resistors, custom designed to specifications. Multilayer & double sided construction. Plated thruhole, fine line printing, conductors: Ag, Pd-Ag, Pt-Ag, Cu, Au. Custom fabricated ceramics, dental porcelain, far infrared annealing furnaces.","Noritake Co., Inc., Electronics Division (a subsidiary of Noritake Co., Ltd. Japan) is a marketing and engineering organization of electronics products for North and South America territory which is headquartered in Arlington Heights, Illinois. Sales engineering branches are located at Illinois, New Jersey, Georgia and California. 

Main products are vacuum fluorescent display (VFD) and fine patterning products such as capacitive switch and EMI shield window. 

VFD, invented in Japan in 1967 by the parent company, Noritake Itron Corp., is a display device used commonly on reliable products such as industrial controllers, medical instruments and professional equipment. Unlike liquid crystal displays (LCDs), Noritake VFD features very bright light and high class reliability at wide temperature ranges. The long-term supply and accountability are recognized globally as notable advantages to other displays.",,$10 - 24.9 Mil,10-49  Employees,"Boards: Digital Signal Processing
Boards: Display & Exhibit


Boards: Graphics
Boards: Moving Message, Electronic (LED)","All Products / Services

Additive Manufacturing Materials
Alumina (Aluminum Oxide)
Boards
Capacitors
Ceramics
Coatings
Displays
Electronics
Film
Filters
Furnaces
Heaters
LEDs


Microelectronics
Modules
Monitors
Paste
Plating Services
Printed Circuit Boards
Readout Systems
Resistors
Sensors / Detectors / Transducers
Signs
Substrates
Switches
Tubes

View all products / services offered"
"Bittware, Inc.",603-226-0404,https://www.bittware.com/,"Concord, NH 03301",Manufacturer,Manufacturer of digital signal processors.,,,$10 - 24.9 Mil,10-49  Employees,"Boards: Digital Signal Processing


Boards: I/O","All Products / Services

Boards


Buses"
NMS Communications,508-271-1000,,"Framingham, MA 01702-5406",Manufacturer,"Modems, Voice Processing Hardware, Development Tools & Software",,,$50 - 99.9 Mil,200-499  Employees,"Boards: Digital Signal Processing
Boards: Communications


Boards: Voice Processing","All Products / Services

Boards
Computer Peripherals


Modems
Software"
Hollis Electronics Company LLC,603-598-4640,,"Amherst, NH 03031",Manufacturer,"Manufacturer Of Communication Systems, Satellite Testing Equipment; Electronic Research & Development Service",,,Under $1 Mil,1-9  Employees,Boards: Digital Signal Processing,"All Products / Services

Adapters
Analyzers
Boards


Communication Systems
Research, Design and Development Services
Testers"
Accommodations Technology Corp. of New York,800-310-6827,,"New York, NY 10023",Distributor,"Telecommunications Systems, Equipment & Long Distance Services",,,Not Available,Not Available  Employees,"Boards: Digital Signal Processing


Boards: Communications","All Products / Services

Amplifiers
Answering Machines
Arrays
Attenuators
Batteries
Bells
Blocks
Boards
Boxes
Buildings
Cases
Chips
Clocks
Communication Systems


Computer and Communication Terminals
Conferencing Equipment
Connectors
Controls and Controllers
Converters
Couplers and Couplings
Covers
COVID-19 Response
Desks
Dialers
Dials
Distribution Systems
Electric Wire, Cable and Cable Assemblies
Enclosures

View all products / services offered"
"Bicom, Inc.",800-766-3573,,"Monroe, CT 06468",Manufacturer,Printed Circuit Boards,,,$5 - 9.9 Mil,1-9  Employees,"Boards: Digital Signal Processing


Boards: Voice Processing","All Products / Services

Boards
Printed Circuit Boards


Telecommunications Equipment"
Pcscomputer,,,"Cincinnati, OH 45242",Manufacturer,"Designs, Engineers & Manufactures Custom Automation Computer Equipment",,,Not Available,Not Available  Employees,"Boards: Digital Signal Processing
Boards: Communications
Boards: Controller


Boards: Data Acquisition
Boards: Interface","All Products / Services

Automation Systems
Backplanes
Boards
Buses
Chassis
Computer Accessories
Computer Accessories
Computer and Communication Terminals
Computer Peripherals
Conditioners
Controls and Controllers
Converters


Counters
COVID-19 Response
Data Acquisition Systems
Displays
Enclosures
Integration Services
Laboratory Equipment
Manufacturing Systems
Medical Laboratory Consumable Supplies
Medical Products and Hospital Equipment
Monitors
Motor Controllers and Drives

View all products / services offered"
EnCore Products,800-873-4868,,"Statesville, NC 28677",Manufacturer,"Manufacturer of polystyrene foam boards. Applications include digital printing, screen printing, displays, exhibits, cut graphics and signage.",,,Not Available,Not Available  Employees,"Boards: Digital Signal Processing
Boards
Boards: Adhesive


Boards: Display & Exhibit
Boards: Sign","All Products / Services

Boards


Foams"
Accommodations Technology Corp. Of Pennsylvania,800-310-6827,,"Collegeville, PA 19426",Distributor,Communications,,,Not Available,Not Available  Employees,"Boards: Digital Signal Processing


Boards: Communications","All Products / Services

Amplifiers
Answering Machines
Arrays
Attenuators
Batteries
Bells
Blocks
Boards
Boxes
Buildings
Cases
Chips
Clocks
Communication Systems


Computer and Communication Terminals
Conferencing Equipment
Connectors
Controls and Controllers
Converters
Couplers and Couplings
Covers
COVID-19 Response
Desks
Dialers
Dials
Distribution Systems
Electric Wire, Cable and Cable Assemblies
Enclosures

View all products / services offered"
