Company name,Phone number,website (Homepage),Location,Company type,Company Description by Thomasnet,Company Description by the company,Linkedin URL,Annual Sales:,No of Employees:,MANUFACTURING SERVICES,ALL PRODUCTS / SERVICES
Trinity Electronics Systems Ltd.,888-687-0419,https://trinity-electronics.com/,"Edmonton, AB T5S1K8",Custom Manufacturer,"Manufacturer of standard and custom electronics. Offers simple to complex project and printed circuit board CAD design, engineering, and development with a variety of manufacturing capabilities such as PCB assembly, metal fabrication, and wave soldering. Products include power transducers, audio boards, amplifiers, light sequencers, industrial timers and controls, and rated power supplies. Distributor of infrared, temperature, pressure, and humidity sensors and right angle headers. Available in a variety of models, materials, and sizes. Industries served include petrochemical, oilfield service, mining, power generation and transmission, and professional audio. Product modifications, upgrades, and warranty repairs are available.",,,Under $1 Mil,10-49  Employees,"Digital Audio Systems


Audio Equipment & Supplies","All Products / Services

Research, Design and Development Services
Engineering Services
Printed Circuit Boards
Consulting Services
Amplifiers
Assemblies
Assembly Services
Audio Visual (AV) Equipment
Batteries
Boards
Cages
Cards
Cases
Chargers


Communication Systems
Controls and Controllers
Converters
Corrosion Resistant Products
COVID-19 Response
Data Acquisition Systems
Distribution Systems
Electronics
Gages
Headers
Heaters
Instruments
Intercoms
Interfaces

View all products / services offered"
"Meridian Technologies, Inc.",516-285-1000,https://www.meridian-tech.com/,"Elmont, NY 11003",Manufacturer,"Manufacturer of digital fiber optic transmission products and network management systems. Products such as data modems, audio and contact closures, Ethernet transceivers and switches, media converters, power supplies, video, audio and data systems are available.",,,$1 - 4.9 Mil,10-49  Employees,"Digital Audio Systems
Audio Equipment & Supplies
Audio Visual (AV) Equipment & Supplies


Video Equipment & Supplies
Video Transmission Systems","All Products / Services

Adapters
Audio Visual (AV) Equipment
Converters
Management Systems
Modems


Modules
Optics
Switches
Transceivers
Transmissions"
Projectus,888-268-8267,https://www.projectus.com/,"Portland, OR 97224",Turnkey Systems Integrator,"Turnkey systems integrator of audio visual systems for commercial, education, house of worship and residential applications. Capabilities include design and installation of conference rooms, training rooms, audio systems, control systems, digital signage, projectors, panels, document cameras, projection systems, monitors, packages, screens, home theater systems, automation systems and structured wiring.",,,Not Available,Not Available  Employees,"Digital Audio Systems


Audio Visual (AV) Equipment & Supplies","All Products / Services

Audio Visual (AV) Equipment
Automation Systems
Cameras
Conference Room Equipment
Controls and Controllers
Electric Wire, Cable and Cable Assemblies
Home Theater Systems


Integration Services
Monitors
Panels
Projectors
Screens
Signs"
Jones Audio,785-776-1499,https://jonesaudio.net/,"Manhattan, KS 66502",Service Company,"Service Company Providing Audio System Design, Consulting, Service, Repair & Sales.  Services And Products Include Sound Systems, Amplifiers, Microphones, Speakers, Piublic Address Systems, Sound Reinforcement, Mixers, Equalizers, Wireless Mics, Installat",,,Under $1 Mil,1-9  Employees,Digital Audio Systems,"All Products / Services

Audio Visual (AV) Equipment


Public Address (PA) Systems"
"Laservision World, Inc.",323-730-5050,https://www.laservisionworld.com/,"Los Angeles, CA 90007",Turnkey Systems Integrator,"Design, build and installation of audio-video and lighting systems. Products such as mixers, consoles, speakers, woofers, amplifiers, podiums, controllers, light panels, projectors, monitors and tripods are available. Markets served include commercial and public sectors.",,,Not Available,Not Available  Employees,"Digital Audio Systems


Audio Visual (AV) Equipment & Supplies","All Products / Services

Amplifiers
Audio Visual (AV) Equipment
Installation Services
Integration Services
Lights


Mixers
Monitors
Podiums
Projectors
Speakers"
"Southern Cal Telecom, Inc.",800-338-1966,https://socaltel.com/,"Lakeside, CA 92040",Turnkey Systems Integrator,"Design, install and maintain audio and video systems for commercial applications. Products include phone, voicemail, transmission media, projection and paging systems, security cameras, fiber optics, network, data and coaxial cabling, and communications network.",,,$1 - 4.9 Mil,10-49  Employees,Digital Audio Systems,"All Products / Services

Audio Visual (AV) Equipment
Cameras
Communication Systems
Distribution Systems
Electric Wire, Cable and Cable Assemblies
Integration Services
Network Equipment
Networks


Optics
Pagers
Projectors
Telephone Systems
Telephones
Transmissions
Voice Message Systems"
"Field Shop, Inc.",866-400-4535,https://fieldshop.com/TFS2/,"Little Rock, AR 72209",Turnkey Systems Integrator,"Design, build and installation of broadcast systems, education systems, house of worship systems and mobile unit TV system. Products include television system, audio and video systems and lighting systems.",,,Under $1 Mil,1-9  Employees,"Digital Audio Systems
Audio Equipment & Supplies


Audio Visual (AV) Equipment & Supplies
Video Equipment: Broadcasting","All Products / Services

Audio Visual (AV) Equipment
Broadcasting Equipment
Installation Services
Integration Services


Lights
Mobile Units
Televisions"
Landmark Audio/Video,910-686-2252,https://landmarkaudiovideo.com/,"Hampstead, NC 28443",Turnkey Systems Integrator,"Turnkey systems integrator of home automation systems. Capabilities include design and installation of home theater systems, distributed audio and video systems and TV mounting systems.",,,Not Available,Not Available  Employees,Digital Audio Systems,"All Products / Services

Audio Visual (AV) Equipment
Automation Systems


Home Theater Systems"
AV Group,516-823-9494,https://www.avgroupny.com/,"Lynbrook, NY 11563 | Locations",Service Company,"Audio, video, and lighting equipment rental and services for production and presentation needs. Equipment rentals include event and venue lighting, sound reinforcement, HD and LCD projection, staging, digital sound boards, LCD and plasma screens, special effects, video switching, podiums, pipe & drape, video walls, speaker systems, and more. Services include technical planning, rigging, project management, and production directing. Suitable for various types of events, including meetings, conferences, concerts, theaters, parties, presentations, conventions, permanent and temporary installations, clubs, web casts, fundraisers, weddings, stores, and more.","Anyone who has hosted a large corporate event, social gathering, or concert knows how important superior audiovisual coordination is to success in event production! At AV Group, our reputation for innovation is just one reason we're a leading AV Company in New York and beyond.

In the AV world, technological expertise matters. AV Group uses the best equipment to jumpstart your event, then we combine it with top sound engineers, lighting designers, and producers who make it their personal mission to focus on your needs, from simple to spectacular.

Look to AV Group for event solutions and key services:

Equipment rentals

Corporate events equipment sales

Staging for webcasts and other productions

Power Point, special effects, and more

Let AV Group craft the event production at your next gathering, large or small. Contact us for more information on our audiovisual services and pricing. Your success is our success call today.",,Not Available,10-49  Employees,"Digital Audio Systems
Amusement Digital Audio Systems
Audio Equipment & Supplies
Audio Visual (AV) Equipment & Supplies


Sound Systems
Video Equipment & Supplies
Video Equipment: Broadcasting
Wireless Audio Products","All Products / Services

Aids
Amplifiers
Audio Visual (AV) Equipment
Boards
Booths
Borders
Bridges
Bulbs
Cameras
Communication Systems
Conferencing Equipment


Conferencing Services
Consoles
Consulting Services
Controls and Controllers
Convention and Meeting Equipment
Crossovers
Displays
Distribution Systems
Draperies
Editing Equipment
Engineering Services

View all products / services offered"
Dal Media Solutions Inc,623-374-9200,https://dal-media.tv/,"Carefree, AZ 85377",Turnkey Systems Integrator,"Systems integrator of multimedia communication systems for government agencies and universities. Products include television, radio, command and control, broadcast, VTC, CCTV, visual and distance learning centers, studio lighting, audio video, security and satellite receiving systems and design conference rooms.",,,$1 - 4.9 Mil,10-49  Employees,"Digital Audio Systems


Audio Equipment & Supplies","All Products / Services

Audio Visual (AV) Equipment
CCTV Equipment
Communication Systems
Conference Room Equipment
Disaster Preparedness Supplies
Hurricane Response
Integration Services


Lights
Monitoring Systems
Networks
Radios
Receivers
Security Systems
Televisions"
Audio visual design Consultants,888-831-0144,https://avdcav.com/,"Washington, DC 20007",Turnkey Systems Integrator,"Design, installation and integration of audio, video and communication systems. Products include projection screens, projectors, displays, monitors, mounts, video wall, digital signage, speakers, microphones, podium, racks and accessories. Services include design and installation, consulting, training, maintenance, project management, cabling, documentation and engineering. Markets served include offices, residential and commercial industries.",,,Not Available,Not Available  Employees,Digital Audio Systems,"All Products / Services

Audio Visual (AV) Equipment
Cameras
Communication Systems
Controls and Controllers
Displays
Electric Wire, Cable and Cable Assemblies
Furniture
Installation Services
Integration Services
Lecterns
Microphones


Monitors
Mounts
Panels
Podiums
Projectors
Racks
Screens
Signs
Speakers
Switches
Telephone Systems"
4M Connect,908-864-4377,https://4mconnect.com/,"Bound Brook, NJ 08805",Turnkey Systems Integrator,"Systems integrator of wire networks. Offers cabling, fiber optic, audio, video, phone, and security networks, as well as sound masking systems. Also offers data and server room cleanup, network troubleshooting, design, cabling, installation, maintenance, repair, data recovery and backup, electrical, network, and data services.",,,Not Available,Not Available  Employees,"Digital Audio Systems


Sound Systems","All Products / Services

Audio Visual (AV) Equipment
Electric Wire, Cable and Cable Assemblies
Masks


Networks
Security Systems
Telephone Systems"
InterActive Home,972-219-0969,http://www.interactivehome.net,"Lewisville, TX 75057",Turnkey Systems Integrator,"Design and installation of audio and video systems, private home theater systems, lighting controls, surveillance and security systems, telecoms, computers and networking systems, climate control systems, motorization systems and offsite IP controls.",,,Under $1 Mil,1-9  Employees,Digital Audio Systems,"All Products / Services

Audio Visual (AV) Equipment
Computers
Controls and Controllers
Home Theater Systems


Integration Services
Security Systems
Surveillance Equipment"
"Personal Computer Store, Inc., The",800-946-9727,https://www.avinext.com/,"College Station, TX 77840",Turnkey Systems Integrator,"Systems integrator of audio visual and networking systems for government, education, SMB and non-profit organizations. Products include virtualization, interactive classrooms, audio/visual integration, IP-based video surveillance, mobility, servers, storage, security and video conferencing systems.",,,Not Available,Not Available  Employees,"Digital Audio Systems
Audio Equipment & Supplies
Audio Visual (AV) Equipment & Supplies


Sound Systems
Video Equipment & Supplies","All Products / Services

Audio Visual (AV) Equipment
Cameras
Conference Room Equipment
Controls and Controllers
Firewalls
Integration Services
Mobile Units


Network Equipment
Rooms
Security Systems
Servers
Storage Equipment
Surveillance Equipment"
MS Audio LLC,601-923-9947,http://www.msaudiollc.com/,"Clinton, MS 39060",Turnkey Systems Integrator,"Design and installation of audio visual systems for schools, arts centers and corporate conference applications. Products include audio, video and sound systems. Document preparation, project coordination, commissioning, system tuning and optimization, video calibration and programming services are available.",,,Not Available,Not Available  Employees,"Digital Audio Systems
Audio Equipment & Supplies
Audio Visual (AV) Equipment & Supplies


Sound Systems
Video Equipment & Supplies","All Products / Services

Audio Visual (AV) Equipment
Integration Services


Sound Equipment"
AVerMedia,510-403-0006,http://www.avermedia.com/,"Fremont, CA 94538",Manufacturer,"Manufacturer of image and video processing systems and related software for broadcasting, surveillance, OTT, digital signage, enterprise, industrial inspection, medical, education and gaming applications. Products include software development kits, frame grabbers, video testing equipment, converters, video encoders and decoders, microphones, video signal processors, recorders and software.",,,Not Available,Not Available  Employees,"Digital Audio Systems
Audio Equipment & Supplies
Audio Visual (AV) Equipment & Supplies
Video Equipment & Supplies


Video Equipment: Broadcasting
Video Equipment: High Speed
Video Transmission Systems","All Products / Services

Audio Visual (AV) Equipment
Broadcasting Equipment
Communication Systems
Converters
Decoders
Embedded Systems
Encoders


Grabs
Imaging Equipment
Microphones
Processors
Recorders
Software
Testers"
Sony Corp. of America,201-930-1000,https://www.sony.com/en_us/SCA/,"Park Ridge, NJ 07656 | Locations",Manufacturer,"Manufacturer of electronic equipment and accessories. Products include televisions, home theater, and soundbars, projectors, DVD players, headphones, audio systems, voice and video recorders, digital cameras, camera accessories, professional video cameras and smartphones. Car audio systems, memory cards, HDMI cables and reality displays are available. Services such as cinema and digital content production, music recording, distribution and publishing are also offered.",,,Not Available,1-9  Employees,"Digital Audio Systems
Audio Equipment & Supplies


Audio Visual (AV) Equipment & Supplies
Audio Visual (AV) Equipment: Sony","All Products / Services

Amplifiers
Appliances
Audio Visual (AV) Equipment
Batteries
Cameras
Communication Systems
Digital Memory
Displays
Electric Wire, Cable and Cable Assemblies
Electronics
Fire Fighting Electronics


Global Positioning Systems (GPS)
Headphones
Home Theater Systems
Lenses
Players
Projectors
Recorders
Screens
Speakers
Televisions
Wildfire Response"
ProTec II Security Systems,866-276-5700,http://www.alloccasionssigns.net,"Dayton, OH 45417",Turnkey Systems Integrator,"System integrator of security systems. Capabilities include design and installation services for CCTV systems, controls systems, fire alarm systems and monitoring systems. Markets served include commercial, residential and government.",,,Under $1 Mil,1-9  Employees,Digital Audio Systems,"All Products / Services

Alarms
Audio Visual (AV) Equipment
Automation Systems
Cameras
CCTV Equipment


Intercoms
Monitoring Systems
Security Systems
Surveillance Equipment"
Tony Baird Electronics Inc.,315-422-4430,https://www.tonybairdelectronics.com/,"Syracuse, NY 13202",Service Company,"Solutions and services in technology for Education, Government and Commercial applications. Services include strategy consulting. engineering, systems integration, sudio systems, projection systems, video teleconferencing, interactive whiteboards, digital surveillance and voice and data telecommunications.",,,Under $1 Mil,1-9  Employees,Digital Audio Systems,"All Products / Services

Audio Visual (AV) Equipment
Boards
Conferencing Services
Consulting Services
Engineering Services


Integrators
Projectors
Surveillance Equipment
Telecommunications Equipment
Telecommunications Services"
"Studio Spectrum, Inc.",818-843-1610,http://www.studiospectrum.com/,"Burbank, CA 91502",Turnkey Systems Integrator,"Design and installation of audio visual equipment. Products include broadcasting and conference room AV systems, digital video display equipment, assisted listening systems (ALS), control systems, audio and video equipment, microphones and speakers.",,www.linkedin.com/company/1010643?trk=tyah&trkInfo=clickedVertical%3Acompany%2CclickedEntityId%3A1010643%2Cidx%3A2-1-2%2CtarId%3A1444670304827%2Ctas%3Astudio%20spect,Not Available,Not Available  Employees,"Digital Audio Systems
Audio Equipment & Supplies
Audio Visual (AV) Equipment & Supplies


Video Equipment & Supplies
Video Equipment: Broadcasting","All Products / Services

Audio Visual (AV) Equipment
Broadcasting Equipment
Conference Room Equipment
Controls and Controllers


Displays
Integration Services
Microphones
Speakers"
Imagenation Systems,919-834-3440,http://imagenationsystems.com/,"Raleigh, NC 27604",Turnkey Systems Integrator,"Design, build and installation of audio visual and communication systems for educational, government, medical and commercial industries. Products include teleconferencing systems, flat panel displays, projection systems, digital signs and control systems.",,,Not Available,Not Available  Employees,"Digital Audio Systems
Audio Equipment & Supplies


Audio Visual (AV) Equipment & Supplies
Video Equipment & Supplies","All Products / Services

Audio Visual (AV) Equipment
Communication Systems
Conferencing Equipment
Controls and Controllers


Displays
Integration Services
Projectors
Signs"
"AVL Systems Design, Llc.",405-749-1866,http://avl1.com,"Edmond, OK 73013",Turnkey Systems Integrator,"Design, build, and installation of audio and video equipment for commercial, educational, government, medical and industrial markets. Products include lightings, acoustics, control, and ancillary systems.",,www.linkedin.com/company/avl-systems-design,Not Available,Not Available  Employees,"Digital Audio Systems
Audio Equipment & Supplies
Audio Visual (AV) Equipment & Supplies


Sound Systems
Video Equipment & Supplies","All Products / Services

Acoustical Materials
Analyzers
Audio Visual (AV) Equipment
Controls and Controllers
COVID-19 Response


Installation Services
Integration Services
Lights
Masks
Medical Personal Protective Equipment (PPE)"
"Interstate Electronic Systems, LLC",504-729-6111,https://www.ies-llc.com/,"Harahan, LA 70123",Turnkey Systems Integrator,"Design, build and maintenance for audio-visual and security systems. Products include access control systems, alarm point monitoring, digital signage, display switching, emergency operations centers, lighting controls, sound and audio systems, television production, uninterruptable power supplies, video and audio distribution, video-conferencing and wireless closed circuit television systems. Markets served include local and regional government, corporate, educational and industrial sectors.",,,$5 - 9.9 Mil,10-49  Employees,"Digital Audio Systems


Sound Systems","All Products / Services

Audio Visual (AV) Equipment
CAD / CAM Systems
Communication Systems
Conferencing Equipment
Controls and Controllers
Distribution Systems
Home Theater Systems
HVAC Equipment


Monitoring Systems
Power Supplies
Presentation Equipment
Rooms
Security Systems
Signs
Televisions"
SmartSource,631-273-8888,https://www.smartsourcerentals.com/,"Hauppauge, NY 11788",Service Company,"Computer and audio visual rental services for fortune 500 companies, financial institutions, accounting, legal, and consulting firms, hotels and government entities. Products available on rental include PC desktops, laptop, iPad, video wall displays, monitors, projectors, Wi-Fi solutions, office equipment. Sound, lighting and staging systems, workstations, servers, charging stations, kiosks, digital signage, audience response systems, touch screens, plasma LEDs/LCDs, trade show internet, copiers and printers can also be rented. On-time delivery service is available.",,www.linkedin.com/company/smartsource-rentals,Not Available,Not Available  Employees,"Digital Audio Systems
Audio Equipment & Supplies
Audio Visual (AV) Equipment & Supplies


Sound Systems
Video Equipment & Supplies","All Products / Services

Arrays
Audio Visual (AV) Equipment
Boards
Boosters
Computers
Consoles
Copiers
Displays
Kiosks
LEDs
Lights
Microphones


Mixers
Monitors
Office Equipment
Printers
Projectors
Recorders
Rectifiers and Diodes
Scanners / Readers
Screens
Servers
Signs
Software

View all products / services offered"
AGC Sound,800-989-1876,https://www.agcsound.com/,"Floral Park, NY 11001",Manufacturer,"Manufacturer of digital audio systems & programmers, sound modules, sound chips, advertising & promotional items with sound. Digital audio systems may be used wherever custom audio is required, such as information announcements, amusements, gaming, vehicles, transit, elevators, doorway greetings, safety, Point-of-Purchase. Promotional items: digital talking, sound effect & musical greeting cards, pop-up cards, recordable post cards & display headers. Die-cutting, pocket folders & pop-ups, imprinted keychains, buttons & pens with sound. LED lights incorporated into any product. Custom orders. Stock sounds & songs available, or custom music or messages. Pharmaceutical promotional items.",,,Not Available,Not Available  Employees,"Digital Audio Systems
Amusement Digital Audio Systems


Sound Systems","All Products / Services

Advertising Specialties, Novelties, and Promotional Products
Announcements
Annunciators
Audio Visual (AV) Equipment
Brochures
Buttons
Buzzers
Cards
Casino Equipment
Chains
Chips
Clocks
Elevator Parts


Exhibits
Hats
Identification Products
Inserts
LEDs
Modules
Movements
Museum Equipment
Musical Instrument Parts
Paper
Pens
Pins
Players

View all products / services offered"
RMS Communications Inc.,800-765-9304,http://www.rmscav.com,"Cold Spring, NY 10516",Turnkey Systems Integrator,"Design and installation of digital audio and video systems. Products include digital music systems, satellite, DirecTV, CCTV, video and teleconferencing systems. Markets served commercial and residential sectors.",,,Under $1 Mil,1-9  Employees,Digital Audio Systems,"All Products / Services

Audio Visual (AV) Equipment
Cameras
CCTV Equipment
Conferencing Equipment


Integration Services
Satellites
Storage Equipment"
"Secure Comm Technologies, Inc.",866-577-5870,https://www.sctinstallations.com/,"Grosse Pointe Farms, MI 48236",Turnkey Systems Integrator,"Turnkey systems integrator of business telephone systems, structured cabling systems, closed–circuit television cameras, digital video recorders, computer networks, and public address systems. Maintenance services are available.",,,Under $1 Mil,1-9  Employees,Digital Audio Systems,"All Products / Services

Audio Visual (AV) Equipment
Cameras
Connectors
Controls and Controllers
Electric Wire, Cable and Cable Assemblies
Masks


Public Address (PA) Systems
Recorders
Security Systems
Telephone Systems
Telephones"
360 Systems,818-991-0360,https://360systems.com/,"Westlake Village, CA 91361",Manufacturer,"Manufacturer of audio and video equipment for music and recording applications. Products include video servers, high definition channels, broadcasting equipment, electronics, audio recorders, digital audio systems and video servers.",,,$1 - 4.9 Mil,10-49  Employees,"Digital Audio Systems
Audio Equipment & Supplies
Audio Visual (AV) Equipment & Supplies
Video Equipment & Supplies


Video Equipment: Broadcasting
Video Equipment: High Speed
Wireless Audio Products","All Products / Services

Audio Visual (AV) Equipment
Broadcasting Equipment
Electronics


Recorders
Servers"
"Master Video Systems, Inc.",214-388-3446,https://www.mvsystems.net/,"Dallas, TX 75227",Turnkey Systems Integrator,"Systems integrator of television, security, sound and video systems. Products include systems for mounting, antenna, satellite, broadcast , CCTV surveillance, paging and intercom. Markets served include healthcare, lodging, education, commercial buildings and restaurants.",,,$1 - 4.9 Mil,10-49  Employees,"Digital Audio Systems


Sound Systems","All Products / Services

Alarms
Antennas
Audio Visual (AV) Equipment
Brackets
Cameras
CCTV Equipment
Communication Systems
Controls and Controllers
Disaster Preparedness Supplies
Displays


Hurricane Response
Integration Services
Network Equipment
Pagers
Radios
Satellites
Security Systems
Surveillance Equipment
Televisions"
"Sound Stage, Inc.",866-639-6630,https://www.soundstageinc.com/,"Winter Park, FL 32792",Turnkey Systems Integrator,"Systems integrators of audio-visual systems. Products include presentation, conferencing, control, acoustical design, lighting, digital signage, sound masking and AV/IT convergence systems, video wall displays and window shades. Markets served include corporate, healthcare, education and hospitality.",,,Not Available,Not Available  Employees,"Digital Audio Systems
Audio Equipment & Supplies
Audio Visual (AV) Equipment & Supplies


Sound Systems
Video Equipment & Supplies","All Products / Services

Audio Visual (AV) Equipment
Conferencing Equipment
Controls and Controllers
Displays
Integration Services


Lights
Masks
Presentation Equipment
Shades
Signs"
Modtech Solutions LLC,808-679-7405,https://modtechhawaii.com/,"Honolulu, HI 96816",Turnkey Systems Integrator,"Turnkey systems integrator of audio visual and communications systems. Capabilities include design and installation of monitors, projectors, video walls, conference rooms, raised floors, video teleconferencing systems and access control systems, control systems, audio systems, structured wiring and cabling systems, network routing and switching and automation controls. Markets served include defense, homeland security, government, healthcare, and commercial.",,,Under $1 Mil,1-9  Employees,"Digital Audio Systems


Audio Visual (AV) Equipment & Supplies","All Products / Services

Audio Visual (AV) Equipment
Communication Systems
Conference Room Equipment
Conferencing Equipment
Controls and Controllers


Electric Wire, Cable and Cable Assemblies
Monitors
Projectors
Routers"
"Assured AudioVisual, Inc.",714-535-1414,https://www.assuredav.com/,"Anaheim, CA 92806",Distributor,"Distributor of audio-visual equipment and supplies. Products include video conferencing systems, projectors, screens, displays, audio systems, control systems, mountings, racks, security cameras, commercial televisions and accessories. Rental and installation services are available. Other services such as corporate event management, video production, graphics and animation, live stream production, preventive maintenance and training services also offered. Face shields are available for personal protection.",,,Under $1 Mil,1-9  Employees,"Digital Audio Systems
Audio Visual (AV) Equipment & Supplies


Video Equipment & Supplies","All Products / Services

Animation Services
Audio Visual (AV) Equipment
Cameras
Computers
Conferencing Equipment
Controls and Controllers
COVID-19 Response
Displays
Fire Fighting Tools
LEDs
Lights
Live Streaming Services
Maintenance and Repair Services


Media Production Services
Medical Personal Protective Equipment (PPE)
Microphones
Mounts
Projectors
Racks
Rental and Leasing Services
Screens
Shielding
Speakers
Televisions
Training Services
Wildfire Response"
ESC Cabling,718-401-7300,https://esccabling.com/,"Bronx, NY 10454",Turnkey Systems Integrator,"Design, integration and installation services for voice and data networks. Products include cabling and structured cabling systems, fiber optic networks, local area and wide area networks, computer networks and grounding systems, security and surveillance systems, voice/data communication systems and audio visual systems. Markets served include general construction, educational, industrial, health and retail industries.",,,Not Available,Not Available  Employees,Digital Audio Systems,"All Products / Services

Audio Visual (AV) Equipment
Electric Wire, Cable and Cable Assemblies
Grounding Equipment
Mechanical Wire, Cable and Rope


Networks
Optics
Security Systems
Surveillance Equipment"
Greenbrier Technologies,304-645-7548,https://grcs.com/,"Lewisburg, WV 24901",Turnkey Systems Integrator,"Design, build and installation of network and security systems. Products include audio and video systems, surveillance systems, lighting control systems, access control systems and cablings. Markets served include commercial, healthcare, education and government sectors.",,,Not Available,Not Available  Employees,"Digital Audio Systems
Audio Equipment & Supplies


Audio Visual (AV) Equipment & Supplies
Video Equipment & Supplies","All Products / Services

Audio Visual (AV) Equipment
Controls and Controllers
Distribution Systems
Electric Wire, Cable and Cable Assemblies


Home Theater Systems
Network Equipment
Surveillance Equipment"
Sound Designs,610-565-8954,http://www.sound-designs.com,"Media, PA 19063",Turnkey Systems Integrator,"Systems integration services for audio and A/V systems. Selection includes include microphones, digital signal processors, amplifiers, speaker systems, monitors, screens, mounts, listening systems, and video projectors. Also offers sound masking and video streaming systems. Design, integration, and installation services are available. Works with applications such as religious institutions, schools, universities, municipalities, corporate offices, athletics buildings, fitness centers, and senior living facilities.",,,$1 - 4.9 Mil,1-9  Employees,"Digital Audio Systems
Audio Equipment & Supplies
Audio Visual (AV) Equipment & Supplies


Sound Systems
Video Equipment & Supplies","All Products / Services

Amplifiers
Audio Visual (AV) Equipment
Consulting Services
Enclosures
Headphones
Headsets
Integration Services
Masks


Microphones
Mixers
Processors
Projectors
Screens
Sound Equipment
Speaker Components
Speakers"
"Phoenix Systems Integrator, Inc.",516-756-0600,http://www.phoenixhsi.com,"Westbury, NY 11590",Turnkey Systems Integrator,"Design, build and installation of automation systems. Products include audio/video systems, lighting and environmental controls, shading, videoconferencing systems, surveillance systems, home theaters, lighting systems, phone systems, security cameras, control systems, podiums, multi-media presentation systems, and flat screens, projectors and presentation tools.",,,Not Available,Not Available  Employees,"Digital Audio Systems
Audio Equipment & Supplies


Audio Visual (AV) Equipment & Supplies
Video Equipment & Supplies","All Products / Services

Audio Visual (AV) Equipment
Automation Systems
Cameras
Controls and Controllers
Home Theater Systems
Integration Services
Lights
Microphones
Podiums


Presentation Equipment
Presenters
Projectors
Screens
Shades
Speakers
Surveillance Equipment
Telephone Systems
Tools"
"Pragmatic Communications Systems, Inc.",888-844-0448,https://www.wireless-experts.com/,"Santa Clara, CA 95051",Manufacturer,"Manufacturer of wired and wireless systems. Products include audio systems, speakers, music servers, amplifiers and preamplifier modules, security cameras and wireless products. Markets served include healthcare, commercial, professional and residential.",,,Under $1 Mil,1-9  Employees,"Digital Audio Systems


Wireless Audio Products","All Products / Services

Amplifiers
Audio Visual (AV) Equipment
Cameras
Controls and Controllers
Distribution Systems


Home Theater Systems
Hubs
Speakers
Trackers
Tuners"
"Paradyme, Inc.",916-971-3600,https://paradyme.com/,"Sacramento, CA 95825",Turnkey Systems Integrator,"Design and installation of audio visual systems for residential and commercial sectors. Products include home theaters, automation and security systems, digital video projectors, theater sound systems, backup cameras, navigation and conference room equipment.",,,Not Available,Not Available  Employees,"Digital Audio Systems
Audio Equipment & Supplies


Audio Visual (AV) Equipment & Supplies
Video Equipment & Supplies","All Products / Services

Alarms
Audio Visual (AV) Equipment
Automation Systems
Cameras
Conference Room Equipment
Home Theater Systems


Integration Services
Navigation Equipment
Projectors
Security Systems
Sound Equipment"
Matrix Switch Corporation,800-764-4084,https://www.matrixswitchcorp.com/,"Nevada City, CA 95959",Manufacturer,"Manufacturer of analog and digital equipment for video and audio routing and distribution. Products include SDI and analog video routers, distribution amplifiers, audio routers and control panels. Markets served include defense, government, critical broadcasting, medical, multimedia, sports and private enterprise applications.",,,Under $1 Mil,1-9  Employees,"Digital Audio Systems
Video Equipment & Supplies


Video Equipment: Broadcasting","All Products / Services

Amplifiers
Audio Visual (AV) Equipment


Panels
Routers"
Neya Systems LLC,724-799-8078,https://www.neyasystems.com/,"Wexford, PA 15090",Turnkey Systems Integrator,"Systems Integrator of advanced unmanned system technologies. Markets served include defense, homeland security, and commercial customers. Products include unmanned ground vehicles, unmanned vehicle standards, and mission planning.",,,Under $1 Mil,1-9  Employees,Digital Audio Systems,"All Products / Services

Audio Visual (AV) Equipment
Automation Systems
Controls and Controllers
Delivery Systems


Imaging Equipment
Integration Services
Integrators
Monitoring Systems"
"McClelland Sound, Inc.",316-265-8686,https://macsound.com/,"Wichita, KS 67214",Turnkey Systems Integrator,"Distributor and installer of A/V systems for corporate offices, houses of worship, gyms, auditoriums, industrial facilities, hotels, entertainment venues and government agencies. Products include sound systems, video systems, intercoms, phone messaging systems and CCTV.",,,$10 - 24.9 Mil,10-49  Employees,"Digital Audio Systems
Audio Visual (AV) Equipment & Supplies


Sound Systems
Video Equipment & Supplies","All Products / Services

Audio Visual (AV) Equipment
CCTV Equipment
Communication Systems
Consoles
Integration Services
Intercoms


Modules
Security Systems
Sound Equipment
Surveillance Equipment
Voice Message Systems"
Fluid Sound,619-446-6808,https://www.fluidsoundav.com/,"San Diego, CA 92109",Turnkey Systems Integrator,"Design and installation of audio visual systems, remote control and automation interfaces. Products include video wall, multi monitors and digital signage. Applications include corporate, small business, government, education, hospitality, restaurant, and night club industries.",,,$1 - 4.9 Mil,1-9  Employees,"Digital Audio Systems
Audio Visual (AV) Equipment & Supplies


Video Equipment & Supplies","All Products / Services

Audio Visual (AV) Equipment
Cameras
Controls and Controllers
Displays
Inspection Equipment


Interfaces
Monitoring Systems
Monitors
Signs"
"ITAV Solutions, Inc.",855-438-4828,http://www.ITAVsolutions.com,"San Diego, CA 92121",Turnkey Systems Integrator,"Design, installation and integration of audio visual systems. Products include camera systems, ceiling speakers, digital projectors and screens, paging, security and access control systems, and video walls. Markets served include biotech, corporate, education, healthcare, legal, military and nuclear sectors.",,,$1 - 4.9 Mil,10-49  Employees,Digital Audio Systems,"All Products / Services

Audio Visual (AV) Equipment
Cameras
Communication Systems
Installation Services


Integration Services
Monitoring Systems
Security Systems
Surveillance Equipment"
Philadelphia Theatrical Supply,215-627-1225,https://www.ptsonline.biz/,"Philadelphia, PA 19107",Distributor,"Distributor of theatrical supplies. Products include audio equipment, cables and connectors, color gel filters, dance and performance flooring, dimming and controls, film and video, flame retardants, fog and effects, hardware and rigging supplies, lighting and lamps, makeup and costume, props, scenic paints, coatings, brushes, stage combat supplies, and tape. Rental services are also available.",,,Under $1 Mil,1-9  Employees,"Digital Audio Systems
Audio Equipment & Supplies


Wireless Audio Products","All Products / Services

Audio Visual (AV) Equipment
Controls and Controllers
Cosmetics
Curtains
Dimmers
Electrical Equipment
Floors
Hardware
Lights
Microphones
Mirrors
Mixers
Other Fire Fighting Equipment


Props
Public Address (PA) Systems
Retardants
Rigging Services
Rotators
Shades
Speakers
Stands
Tapes
Theatrical Equipment
Tools
Wildfire Response"
"CCS Presentation Systems, Inc.",407-996-0080,https://ccssoutheast.com/,"Orlando, FL 32808",Turnkey Systems Integrator,"Designer and installer of audiovisual equipment and supplies. Products include large format LCD displays, digital projectors, interactive whiteboards, room control systems, sound systems and high definition videoconferencing equipment. Systems training and maintenance services also available. Serving the corporate, government, education, religious gatherings, hospitality and healthcare markets.",,,Not Available,Not Available  Employees,"Digital Audio Systems
Audio Equipment & Supplies


Audio Visual (AV) Equipment & Supplies
Sound Systems","All Products / Services

Audio Visual (AV) Equipment
Boards
Conferencing Equipment
Consoles
Controls and Controllers
Displays
Integration Services
Microphones


Presentation Equipment
Projectors
Routers
Screens
Speakers
Trucks and Carts
Workstations"
"Alcorn McBride, Inc.",407-296-5800,https://alcorn.com/,"Orlando, FL 32835",Manufacturer,"Manufacturer of audio, video, lighting and show control products for museums, retail and transportation industries, visitor centers and casinos. Products include digital audio and video machines/players, recorders and controls.",,,$5 - 9.9 Mil,10-49  Employees,"Digital Audio Systems
Audio Equipment & Supplies


Audio Visual (AV) Equipment & Supplies
Video Equipment & Supplies","All Products / Services

Archive Systems
Audio Visual (AV) Equipment
Controls and Controllers


Lights
Players
Recorders"
CTSI,703-631-3377,https://www.ctsi-usa.com/,"Chantilly, VA 20151",Turnkey Systems Integrator,"Manufacturer of audiovisual, security and fire detection devices for industrial applications. Products include displays, digital signage, signboards, detectors, DAS (distributed antenna system), communication, audio, distribution, paging, projector, security, surveillance, video conferencing and telephone systems. Other services include maintenance, security and customer care. Serves airports, banking, education, government, gaming, healthcare, retail, stadiums, utilities and manufacturing industries.",,,$25 - 49.9 Mil,100-199  Employees,"Digital Audio Systems
Audio Visual (AV) Equipment & Supplies


Sound Systems","All Products / Services

Antennas
Audio Visual (AV) Equipment
Boards
Call Cords and Systems
Communication Systems
Computer Room Equipment
Conferencing Equipment
Consulting Services
Displays
Distribution Systems
Electric Wire, Cable and Cable Assemblies
Engineering Services
Entry Systems


Integration Services
Labelers
Labels
LEDs
Maintenance and Repair Services
Operating Room Equipment
Pagers
Projectors
Research, Design and Development Services
Security Services
Security Systems
Sensors / Detectors / Transducers
Signs

View all products / services offered"
"NordicNeuroLab, Inc.",855-665-3674,https://nordicneurolab.com/,"Milwaukee, WI 53204",Manufacturer,"Manufacturer of imaging systems for hospitals, medical imaging centers, and healthcare sectors. Products include audio and visual systems, LCD monitors, hardware cabinets, response grips and sync boxes.",,,$1 - 4.9 Mil,1-9  Employees,Digital Audio Systems,"All Products / Services

Audio Visual (AV) Equipment
Cabinets
Grips


Imaging Equipment
Monitors
Software"
"Coza, Inc.",443-994-5267,http://www.cozainc.com,"Arnold, MD 21012",Turnkey Systems Integrator,"Design, build and installation of audio video products. Products include projectors, video teleconferencing systems, video walls, flat panels, wall mounts, projector screens, presentation carts, touch screens, monitors, and travel cases.",,,Not Available,Not Available  Employees,"Digital Audio Systems
Audio Equipment & Supplies


Audio Visual (AV) Equipment & Supplies
Video Equipment & Supplies","All Products / Services

Audio Visual (AV) Equipment
Brackets
Cameras
Cases
Conferencing Equipment
Displays
Integration Services
Monitors


Mounts
Panels
Projectors
Screens
Signs
Stands
Walls"
No Static Pro Audio,818-729-8554,http://www.nostaticav.com/,"Burbank, CA 91504",Turnkey Systems Integrator,"Design, build and installation of audio and visual systems. Products include LED displays and touch panel controls and sound systems. Markets served include restaurants and bars, event management and architectural sectors.",,,$1 - 4.9 Mil,10-49  Employees,"Digital Audio Systems
Amusement Digital Audio Systems
Audio Equipment & Supplies


Audio Visual (AV) Equipment & Supplies
Sound Systems
Video Equipment & Supplies","All Products / Services

Audio Visual (AV) Equipment
Controls and Controllers
Displays


Integration Services
LEDs"
ASET Advanced Security & Electrical Technology Inc.,888-299-2738,https://www.asetinc.com/,"The Dalles, OR 97058",Turnkey Systems Integrator,"Design and installation of video surveillance systems and alarm systems for residential and commercial sectors. Products such as intrusion systems, video surveillance (CCTV), access control, phone systems and audio/ visual systems, voice and data structured cabling are available.",,,Under $1 Mil,1-9  Employees,Digital Audio Systems,"All Products / Services

Alarms
Audio Visual (AV) Equipment
Cameras
CCTV Equipment


Controls and Controllers
Electric Wire, Cable and Cable Assemblies
Integration Services
Surveillance Equipment"
BoitNott Visual Communications,804-379-9400,https://boitnottvisual.com/,"Midlothian, VA 23113",Service Company,"Audio-visual equipment rental services. Products include cameras, projectors, mixing consoles, loudspeaker systems, subwoofers, amplifiers, microphones, audio mixers LED battens and fixtures, graphic switchers, LED displays, lighting, furniture, decor and screens.",,,$1 - 4.9 Mil,10-49  Employees,"Digital Audio Systems


Audio Equipment & Supplies","All Products / Services

Audio Visual (AV) Equipment
Cameras
Furniture


Lights
Projectors
Screens"
Ronstan Paper & Packaging,877-766-7826,http://www.ronstanpaper.com/,"Eatontown, NJ 07724",Distributor,"Distributor of janitorial supplies, office furniture, office supplies, and packaging products. Products include air fresheners, break room supplies, can liners, cleaning products, disposable clothing, facial tissue, garbage cans, gloves, hand dryers, light bulbs, mats, napkins, paper bags and shopping bags, safety products, soap, tape measures, dispensers, water softener salt, rags, backrests, bookcases, cabinets, carts, chairs, clocks, credenzas, desks, easels, tripods, mobile computer furniture, footrests, garment racks, lighting and lamps, partitions and panels, table movers, tables, adhesives, awards, badges, bags, bins, books, boxes, utility boxes and covers, butcher paper, twine, calendars, cards, cases, classroom aides, clipboards, clips, craft supplies, crowd control products, desk accessories, envelopes, erasers, fasteners, film, filters, fire extinguishers, first aid, flashlights, frames, glue, heaters, inks, labels, laminators, notebooks, padlocks, paint, paper, plants, and many more.",,,$5 - 9.9 Mil,10-49  Employees,"Digital Audio Systems
Audio Equipment & Supplies


Sound Systems
Wireless Audio Products","All Products / Services

Absorbers
Adapters
Adhesives
Aids
Air Fresheners
Alarms
Albums
Aluminum
Amplifiers
Anchors
Answering Machines
Applicators
Aprons


Arms
Arts and Crafts Supplies
Artwork
Audio Visual (AV) Equipment
Awards
Backpacks
Badges
Bags
Balloons
Balls
Bandages
Bands
Banners

View all products / services offered"
Sierra Integrated Systems,775-853-4800,https://sierraintegratedsystems.com/,"Reno, NV 89511",Turnkey Systems Integrator,"Systems integrators of audio, video, media, security, lighting, theaters and home automation systems for residential and commercial customers. Capabilities include design, build and installation of theater furniture, boardrooms, auditoriums, speaker systems, cabling systems and security systems.",,,Not Available,Not Available  Employees,Digital Audio Systems,"All Products / Services

Audio Visual (AV) Equipment
Automation Systems
Cameras
Controls and Controllers
Electric Wire, Cable and Cable Assemblies
Furniture


Home Theater Systems
Installation Services
Network Equipment
Security Systems
Speakers"
"BeStar Technologies, Inc.",847-261-2850,http://www.bestartech.com,"St Charles, IL 60174",Manufacturer,"ISO 9001:2000, ISO 14001:2004, ISO 13485 and ISO/TS16949 certified. Manufacturer of electronic acoustic components. Products include speakers, back-up alarms, ultrasonic sensors, receivers, piezo buzzers, bells, sirens, electret condenser microphones, batteries, horns, indicators, beacons and transducers. Serves the automotive, consumer, fire, safety, security and medical device industries. Kanban and JIT delivery.","BeStar Electronics Co., Ltd, established in 2002, is a Global Technology Enterprise in Jiangsu, China focused on the development, production, and sales of electro-acoustic products such as loudspeakers, piezo buzzers, and magnetic buzzers. Located in the vibrant New District of Changzhou and covering an area of 25,000 sqm BeStar employs a staff of over 900 employees, including 120 technical and administrative personnel.

BeStar Technologies Inc. has been serving North American customers since 2004 as part of BeStar's support of global customers. With technical and quality assurance teams in the United States, we have the ability to put all of the engineering resources, state of the art manufacturing capability and cutting-edge technology in your facility. Our warehouse supports JIT and KanBan manufacturing with precision.

In its 16 year history, the company has developed an extensive portfolio of high-performance acoustic products by application of advanced technology and professional know More... how. Branches are established in North America, Europe, and Hong Kong to serve our global customer base. Less",www.linkedin.com/company/bestar-technologies-inc/,$25 - 49.9 Mil,1000+  Employees,"Digital Audio Systems
Audio Equipment & Supplies


Audio Visual (AV) Equipment & Supplies
Wireless Audio Products","All Products / Services

Alarms
Audio Visual (AV) Equipment
Batteries
Bells
Buzzers
Chimes
Communication Systems
COVID-19 Response
Electronic Components
Horns
Hurricane Response
Indicators
Infrastructure Protection Supplies


Medical Components
Medical Equipment
Microphones
Modules
Monitoring Systems
Pumps
Receivers
Sensors / Detectors / Transducers
Sirens
Speakers
Tier 2 Medical Mfg. Supplies, Materials, Components & Services
Ultrasonic Equipment"
"Pershing Technologies, LLC",443-832-3308,https://pershingtech.com/,"Columbia, MD 21044",Turnkey Systems Integrator,"Systems integrator of audiovisual systems for commercial and government sectors. Products include video distribution, teleconferencing and on demand, command and control room, IP and streaming media, centralized control, digital signage and network video recording systems.",,,Not Available,Not Available  Employees,"Digital Audio Systems
Audio Equipment & Supplies


Video Equipment & Supplies","All Products / Services

Audio Visual (AV) Equipment
Centers
Conferencing Equipment
Controls and Controllers


Distribution Systems
Integration Services
Signs"
"Jay S. Stanley and Associates, Inc.",,https://www.jaystanley.com/,"North Little Rock, AR 72116",Turnkey Systems Integrator,"Systems integrator of audio, video and network solutions for content presentations, conferencing, collaborations, streaming and digital signage applications. Products include video conference equipment, projection screens and presentation systems.",,,$1 - 4.9 Mil,10-49  Employees,Digital Audio Systems,"All Products / Services

Audio Visual (AV) Equipment
Communication Systems
Conference Room Equipment
Controls and Controllers
Displays


Integration Services
Presentation Equipment
Projectors
Screens"
"Sweetwave Audio, Inc.",877-258-0563,https://sweetwaveaudio.com/,"Louisville, CO 80027",Turnkey Systems Integrator,"Design, build and installation of audio and sound production systems. Products include amplifiers, cables, DI boxes, digital workstations, DJ equipment, headphones, intercom systems, lighting, microphones, mixers, power supplies, preamplifiers, signal processors, speakers and wireless systems.",,,$1 - 4.9 Mil,1-9  Employees,Digital Audio Systems,"All Products / Services

Amplifiers
Audio Visual (AV) Equipment
Headphones
Intercoms
Lights
Microphones
Mixers


Power Supplies
Processors
Racks
Recorders
Software
Speakers
Workstations"
GBH Communications,800-222-5424,http://www.gbh.com/,"Monrovia, CA 91016",Turnkey Systems Integrator,"Design, build and installation of telecommunication systems. Products include headsets, conference and wireless mobility phones, voice and video systems, wired, wireless and Bluetooth headsets, enterprise management, endpoint monitoring, traffic shaping and video and cloud collaboration systems. Industries served include education, government, healthcare, manufacturing and contact center.",,www.linkedin.com/company/gbh-communications?trk=top_nav_home,Not Available,Not Available  Employees,"Digital Audio Systems
Audio Equipment & Supplies


Audio Visual (AV) Equipment & Supplies
Video Equipment & Supplies","All Products / Services

Audio Visual (AV) Equipment
Conference Room Equipment
Conferencing Equipment
Headsets
Monitoring Systems


Stations
Telecommunications Equipment
Telephone Systems
Telephones"
"AudioConexus, Inc.",855-769-8687,https://audioconexus.com/,"Kingston, ON K7K1Z7",Manufacturer,"Manufacturer of tour guide systems. Products include GPS commentary, audio guides, mobile tour applications, in hand guides, lapel microphones, weatherproof audio controller, route builder software and hardware.",,,Not Available,Not Available  Employees,Digital Audio Systems,"All Products / Services

Audio Visual (AV) Equipment
Guides
Hardware


Microphones
Software"
Home Automation Hawaii,808-842-4646,https://www.homeautomationhawaii.com/,"Waipahu, HI 96797",Turnkey Systems Integrator,"Turnkey systems integrator of home automation systems. Capabilities include design and installation of home theater systems, distributed audio and video systems, lighting, security systems and structured cabling systems.",,,Not Available,Not Available  Employees,Digital Audio Systems,"All Products / Services

Audio Visual (AV) Equipment
Automation Systems
Controls and Controllers
Electric Wire, Cable and Cable Assemblies
Home Theater Systems


Integration Services
Lights
Monitors
Network Equipment
Security Systems"
"Xavtel Communications, Inc.",401-727-1600,http://www.xavtel.com/,"Pawtucket, RI 02860",Manufacturer,"Manufacturer of digital audio and conferencing products for commercial corporate and industrial sectors. Products include conference and interpretation systems, personal and conference speakerphones and distribution boxes.",,,Not Available,Not Available  Employees,"Digital Audio Systems


Audio Visual (AV) Equipment & Supplies","All Products / Services

Amplifiers
Audio Visual (AV) Equipment
Conference Room Equipment


Conferencing Equipment
Microphones"
"Tempest Technologies, LLC",866-261-1915,https://www.tempest-av.com/,"Issaquah, WA 98027",Turnkey Systems Integrator,"Design, build, installation and maintenance services of audio-visual systems for government, corporate, education and healthcare sectors. Products include video and audio conferencing systems, streaming and digital signage, lighting and environmental controls, security and CCTV. Capabilities include consulting, engineering, project management, programming, training and documentation.",,,$5 - 9.9 Mil,10-49  Employees,Digital Audio Systems,"All Products / Services

Audio Visual (AV) Equipment
Automation Systems
Cameras
Conferencing Equipment
Controls and Controllers


Installation Services
Integration Services
Lights
Security Systems
Signs"
Total Media Concepts,877-341-2300,https://totalmediaconcepts.com/,"Foster City, CA 94404",Turnkey Systems Integrator,"Turnkey systems integrator of audio-visual systems for hotels, hospitals, bars and restaurants, corporate offices, waiting rooms, retail stores, stadiums and arenas. Capabilities include design and installation of audio-video systems, background music systems, LEDs, LCD and plasma HDTV displays, projection systems and automation control systems. Markets served include commercial and residential.",,,$1 - 4.9 Mil,10-49  Employees,"Digital Audio Systems


Audio Visual (AV) Equipment & Supplies","All Products / Services

Audio Visual (AV) Equipment
Automation Systems
Controls and Controllers
Displays


Integration Services
LEDs
Music Systems
Projectors"
"Audioscience, Inc",302-324-5333,https://audioscience.com/,"Newcastle, DE 19720",Manufacturer,"Manufacturer & Designer Of Advanced Dsp Based Digital Audio Peripherals For The Oem, Broadcast & Entertainment Markets.  Support Industry Standards Such As Pci, Pci Express, Mpeg Audio Compression, Cobranetâ„¢ Audio Networking And The Windows And Linux Operating Sy",,,$1 - 4.9 Mil,10-49  Employees,Digital Audio Systems,"All Products / Services

Audio Visual (AV) Equipment


Consoles"
Christian Sound Installation,813-505-6302,http://csifl.net/,"Valrico, FL 33594",Turnkey Systems Integrator,"Design, build and installation of audio systems for residential sectors. Products include digital consoles, digital mixing and LED lighting. Applications include low power consumption, low heat radiation, lightweight and portable.",,,Under $1 Mil,1-9  Employees,"Digital Audio Systems
Audio Visual (AV) Equipment & Supplies


Wireless Audio Products","All Products / Services

Audio Visual (AV) Equipment
Consoles
Controls and Controllers
Installation Services


Integration Services
Integrators
Lights
Recorders"
"AV-integrators, Inc.",650-593-8333,https://www.av-integrators.com/,"Belmont, CA 94002",Turnkey Systems Integrator,"Systems integrator of professional audio broadcast video production systems. Products include video conferencing, displays, signage, audio systems, acoustic materials, control panels, interfaces, audio visual furniture, production equipment, monitors and control systems. Markets served include industrial, commercial, corporate and government.",,,Under $1 Mil,1-9  Employees,"Digital Audio Systems
Audio Visual (AV) Equipment & Supplies


Video Equipment: Broadcasting","All Products / Services

Acoustical Materials
Audio Visual (AV) Equipment
Broadcasting Equipment
Conferencing Equipment
Controls and Controllers
Displays
Furniture


Headphones
Integration Services
Interfaces
Panels
Pens
Signs"
Whitetail Electronics,814-790-5575,https://whitetailelectronics.com/,"Erie, PA 16508",Turnkey Systems Integrator,"Security systems integration services. Also offers integration services for video surveillance, access control, audio, fire alarm, and environmental detection systems. Design, installation, and maintenance services are provided. 24-hour monitoring services are offered. Services are available for commercial, industrial, and residential applications.",,,Not Available,Not Available  Employees,Digital Audio Systems,"All Products / Services

Alarms
Audio Visual (AV) Equipment
Automation Systems
Controls and Controllers


Security Systems
Sensors / Detectors / Transducers
Surveillance Equipment"
FSS Inc.,309-537-3696,https://www.fsselectronics.com/,"Illinois City, IL 61259",Turnkey Systems Integrator,"Design and installation of security and convenience systems for residential and commercial industries. Products include CCTV systems, cameras, access control systems, entertainment systems, audio systems, communication systems, telephones, intercoms and VOIP.",,,Under $1 Mil,1-9  Employees,Digital Audio Systems,"All Products / Services

Audio Visual (AV) Equipment
Cameras
CCTV Equipment
Communication Systems
Controls and Controllers


Intercoms
Public Address (PA) Systems
Security Systems
Telephones"
"Cardinal Peak, LLC",303-665-3962,https://www.cardinalpeak.com/,"Lafayette, CO 80026",Turnkey Systems Integrator,"Systems integration of digital audio and video systems and embedded devices for cable and satellite, internet video delivery, enterprise video, security, defense and home automation industries. Products include mobile and set top devices, multimedia systems, embedded software, CCTV, video recording and management systems, thermostats, sprinklers, IP cameras and remotely home appliances.",,,$1 - 4.9 Mil,10-49  Employees,Digital Audio Systems,"All Products / Services

Audio Visual (AV) Equipment
CCTV Equipment
Embedded Systems
Integration Services


Network Equipment
Processors
Software"
"Mankin Media Systems, Inc.",888-862-6546,https://mankinmedia.com/,"Franklin, TN 37064",Turnkey Systems Integrator,"Turnkey systems integrator of media systems. Capabilities include design and installation of audio systems and broadcast video systems, broadcast and theatrical lighting and network systems.",,,$5 - 9.9 Mil,1-9  Employees,"Digital Audio Systems


Video Equipment: Broadcasting","All Products / Services

Audio Visual (AV) Equipment
Broadcasting Equipment
Integration Services


Lights
Network Equipment"
JVC Professional Video Division,973-317-5000,http://pro.jvc.com,"Wayne, NJ 07470 | Locations",Manufacturer,Developer & manufacturer of  audio & video products.,,,Not Available,Not Available  Employees,"Digital Audio Systems
Audio Equipment & Supplies


Audio Visual (AV) Equipment & Supplies
Video Equipment & Supplies","All Products / Services

Audio Visual (AV) Equipment
Cameras
Players


Recorders
Surveillance Equipment"
"ISS, Inc.",732-855-1111,https://issivs.com/,"Woodbridge, NJ 07095",Turnkey Systems Integrator,"Manufacturer and installer of security systems for the education, transportation, infrastructure, law enforcement, retail and finance industries. Products include networked digital video and audio recording, video image pattern processing and digital data transmission.",,,Under $1 Mil,1-9  Employees,Digital Audio Systems,"All Products / Services

Audio Visual (AV) Equipment
Controls and Controllers
Installation Services


Integration Services
Recorders
Security Systems"
Xtreme Audio and Video,888-987-6281,https://xtreme-av.com/,"Pelham, NH 03076",Turnkey Systems Integrator,"Design, build and installation of audio and video systems. Products include home theaters, lighting systems, automation systems, screens, projectors, cameras, amplifiers, speakers, DVD players, televisions, CCTVs and telephone systems. Markets served include commercial and residential sectors",,,Under $1 Mil,1-9  Employees,Digital Audio Systems,"All Products / Services

Amplifiers
Audio Visual (AV) Equipment
Automation Systems
Cameras
CCTV Equipment
Controls and Controllers
Home Theater Systems


Integration Services
Lights
Projectors
Screens
Speakers
Telephone Systems
Televisions"
JVIS USA,586-884-5700,https://jvis.us/,"Shelby Township, MI 48315",Custom Manufacturer,"Manufacturer of custom automotive parts, components and systems. Capabilities include design, engineering, manufacturing, validation, and assembly for acoustic, decorative, electrical, lighting, kinematics, metallic, molding, painting and assembly for automotive systems and parts. Parts include panels, door handles, audio systems,  back out cameras, switches, lighting modules, head rest adjustors, and buckles.",,,Not Available,1000+  Employees,Digital Audio Systems,"All Products / Services

Additive Manufacturing Services
Assembly Services
Audio Visual (AV) Equipment
Automotive Parts
Buttons
Cameras
Coatings
Enclosures
Engineering Services
Grilles


Handles, Pulls and Levers
Latches
Lights
Mats
Modules
Panels
Rapid Tooling Services
Research, Design and Development Services
Rests
Switches"
"Integrity Networks, Inc.",800-910-0919,http://www.integritynetworksinc.com/,"Renton, WA 98057",Turnkey Systems Integrator,"Design and installation of physical security, structured cabling and wireless network systems. Products include network infrastructure, ISP and OSP cabling, audio/visual, sound/paging and distributed antenna systems. Markets served include SLED, commercial, government, healthcare, education, retail, gaming and military/defense sectors.",,www.linkedin.com/company/1759680,Not Available,Not Available  Employees,"Digital Audio Systems
Audio Equipment & Supplies
Audio Visual (AV) Equipment & Supplies


Sound Systems
Video Equipment & Supplies","All Products / Services

Antennas
Audio Visual (AV) Equipment
Cabinets
Controls and Controllers
Electric Wire, Cable and Cable Assemblies
Fiber Optic Cable and Cable Assemblies
Grounding Equipment
Integration Services


Network Equipment
Pagers
Security Systems
Sensors / Detectors / Transducers
Sound Equipment
Surveillance Equipment
Walls"
"Videotel, Inc.",800-878-4056,https://www.videoteldigital.com/,"Chula Vista, CA 91911",Manufacturer,"Manufacturer of digital products and accessories for commercial and industrial sectors. Products include DVD, multimedia and audio players, connectors, cables, power supplies, plugs, remote controls, speakers, cleaners, harnesses and modules.",,,Under $1 Mil,1-9  Employees,Digital Audio Systems,"All Products / Services

Adapters
Audio Visual (AV) Equipment
Cleaning Equipment
Connectors
Electric Wire, Cable and Cable Assemblies
Harnesses


Janitorial Supplies
Modules
Players
Power Supplies
Speakers"
"Digital Display Solutions, Inc.",210-404-1233,https://ddsav.com/,"San Antonio, TX 78216",Turnkey Systems Integrator,"Turnkey systems integrator of audio visual systems for commercial and residential applications. Capabilities include design and installation of video conference systems, audio systems, digital signage, projectors, projection systems and screens.",,,Not Available,Not Available  Employees,"Digital Audio Systems
Audio Visual (AV) Equipment & Supplies


Sound Systems","All Products / Services

Audio Visual (AV) Equipment
Conference Room Equipment
Conferencing Equipment


Projectors
Screens
Signs"
Christie Digital,800-265-2171,https://www.christiedigital.com/en-us,"Kitchener, ON N2G4Y7 | Locations",Manufacturer,"ISO 9001 manufacturer of display technologies. Products include projectors, image processors, LED & xenon lights, lamps, theatre automation controls, routers & video wall controllers, enclosures & simulation products. Applications include cinema, large audience environments, control rooms, business presentations, training facilities, 3D & virtual reality, simulation, education, media & government. RoHS compliant.","At Christie we help our customers create the world's best-shared experiences through our offering of world-class projection systems, displays and audio solutions for any type of content.

Christie offers a broad range of visual, audio and collaboration solutions, including:

- Xenon, laser phosphor, RGB pure laser, DLP® Cinema® projectors

- Laser phosphor, 3LCD, 1DLP and 3DLP large venue projectors

- Laser phosphor, 3LCD, 1DLP and 3DLP business projectors

- Rear screen projection modules

- Video walls

- 3D, virtual reality and simulation projection technologies

- Complete, immersive audio solutions

- Seamless collaboration and presentation solutions

- LED video walls and tiles

- Flat panels

- Medical imaging

Whatever the application, our solutions are designed to meet unique visual, audio and collaboration requirements, and are backed by industry-leading service and support ensuring complete customer satisfaction.

Christie is recognized as one of the most innovative visual technology More... companies in the world. Over the past eight decades, Christie has established a reputation for providing unprecedented levels of customer service and support. Less",www.linkedin.com/company/christie-digital-systems,Not Available,1000+  Employees,"Digital Audio Systems
Video Equipment & Supplies


Video Equipment: Broadcasting","All Products / Services

Aids
Audio Visual (AV) Equipment
Bulbs
Communication Systems
Conferencing Equipment
Controls and Controllers
Diagnostic Equipment
Digital Signage Services
Display Components
Displays
Electronics
Engineering Services
Imaging Equipment


Interfaces
Lenses
Lights
Military Equipment
Mounts
Presentation Equipment
Processors
Projectors
Research, Design and Development Services
Rooms
Routers
Screens
Signs

View all products / services offered"
Cable System Services Inc,651-688-2623,http://www.cablesystemservices.com,"Eagan, MN 55122",Turnkey Systems Integrator,"Systems integrator of voice, video and data systems for the cable television industry. Turnkey design, engineering, building, installation and maintenance are available for cabling systems. Fiber and coaxial cabling, drafting, base drawing, strand mapping and field services are also available.",,,Under $1 Mil,1-9  Employees,Digital Audio Systems,"All Products / Services

Audio Visual (AV) Equipment
Communication Systems
Drafting Equipment
Electric Wire, Cable and Cable Assemblies
Installation Services
Integration Services


Mapping Systems
Mechanical Wire, Cable and Rope
Network Equipment
Splicers
Telephone Systems"
"Joe Dodd, Inc.",888-242-4897,,"Gresham, OR 97030",Turnkey Systems Integrator,"Design and installation of entertainment, automation and security systems for residential and commercial customers. Products include home theater systems, satellite TV and Internet, audio/video and media systems and structured cabling systems.",,,Not Available,Not Available  Employees,Digital Audio Systems,"All Products / Services

Audio Visual (AV) Equipment
Automation Systems
Electric Wire, Cable and Cable Assemblies


Home Theater Systems
Security Systems"
Newport Audio & Video,949-650-4444,,"Newport Beach, CA 92663",Turnkey Systems Integrator,"Design and installation of electronic systems. Products include security and surveillance systems, HVAC systems, energy management and video conferencing systems, lighting and paging systems. Markets served include residential and commercial.",,,Not Available,Not Available  Employees,Digital Audio Systems,"All Products / Services

Audio Visual (AV) Equipment
Cameras
CCTV Equipment
Conferencing Equipment
Distribution Systems
HVAC Equipment
Integrators
Lights


Management Systems
Monitoring Systems
Pagers
Security Systems
Signs
Surveillance Equipment
Telephone Systems"
TechModules USA,513-791-4630,,"Cincinnati, OH 45236",Manufacturer,"Manufacturer of electronics and audio and video systems for residential, commercial, local, state and federal governments. Products include home theaters, video conferencing systems, surveillance systems, lighting products and systems, loudspeakers, weather radios, digital cameras, cables, PC boards, transformers, emergency systems and commercial-off-the-shelf products. Designing, consulting and installation services are available.",,,Not Available,Not Available  Employees,Digital Audio Systems,"All Products / Services

Audio Visual (AV) Equipment
Cameras
Conferencing Equipment
Disaster Preparedness Supplies
Distribution Systems
Home Theater Systems
Hurricane Response


Intercoms
Public Address (PA) Systems
Radios
Speakers
Surveillance Equipment
Transformers"
Simaudio Ltd.,450-449-2212,,"Boucherville, QC J4B7K4",Manufacturer,"Manufacturer of musical or sound equipment. Products include integrated audio and headphone amplifiers, consumer electronics, Cd players, processors, streamers, digital to analog converters and network devices.",,,Not Available,1-9  Employees,"Digital Audio Systems
Audio Equipment & Supplies
Audio Visual (AV) Equipment & Supplies


Sound Systems
Video Equipment & Supplies","All Products / Services

Amplifiers
Audio Visual (AV) Equipment
Converters
Electronics
Players


Power Supplies
Processors
Sound Equipment
Streamers"
D'Raude Audio Visual,800-609-2360,,"Maspeth, NY 11378",Service Company,"Event planning and audio visual installation and rental services. Design from concept to completion or full rental services with engineers & technical support. Installations providing sound & lighting, staging, spotlights, backdrops or simple multi screen projectors, monitors, microphones, speakers, scenic displays, complete project fulfillment. Whether it’s a national or regional event, for trade shows, exhibit & convention booths, hotel conference or seminar, private event, art and fashion gallery openings, sales presentation brand promotion for large corporation product launch.",,,Under $1 Mil,1-9  Employees,"Digital Audio Systems
Amusement Digital Audio Systems
Audio Equipment & Supplies


Audio Visual (AV) Equipment & Supplies
Sound Systems
Video Equipment & Supplies","All Products / Services

Aids
Audio Visual (AV) Equipment
Booths
Computer Peripherals
Conferencing Equipment
Conferencing Services
Consulting Services
Convention and Meeting Equipment
Decorating Services
Displays
Event Services
Exhibits


Fire Fighting Tools
Fulfillment Services
Kiosks
Lecterns
Lights
Monitoring Systems
Monitors
Planning Services
Players
Projectors
Rental and Leasing Services
Research, Design and Development Services

View all products / services offered"
Spectrum Systems Design,800-288-3492,,"Portland, OR 97205",Turnkey Systems Integrator,"Design, build and installation of audio visual communication systems. Products include audio systems, remote control systems, conferencing systems and digital signage. Markets served include education, government, corporate and commercial sectors.",,,Not Available,Not Available  Employees,"Digital Audio Systems


Audio Visual (AV) Equipment & Supplies","All Products / Services

Audio Visual (AV) Equipment
Communication Systems
Controls and Controllers


Installation Services
Integration Services
Signs"
ISD Tech Group,702-888-0470,,"Las Vegas, NV 89118",Turnkey Systems Integrator,"Systems integrator of low voltage systems for gaming, hospitality, corporate, commercial, government and residential markets. Integration services for products such as audio, video, control, access control, surveillance, security, lighting and networking systems are available. Capabilities include design, engineering, installation, calibration, programming and maintenance.",,,Under $1 Mil,1-9  Employees,"Digital Audio Systems
Amusement Digital Audio Systems


Audio Equipment & Supplies","All Products / Services

Audio Visual (AV) Equipment
Controls and Controllers
Integration Services


Networks
Surveillance Equipment
Televisions"
MB Communications,406-861-6911,,"Billings, MT 59105",Turnkey Systems Integrator,"Design and installation of voice, data and low voltage products for commercial applications. Products include analog cameras, data cabling, IP and analog sound systems, wireless nurse call systems, audio and video equipment, phone and intercom systems.",,,Not Available,Not Available  Employees,"Digital Audio Systems
Audio Equipment & Supplies


Audio Visual (AV) Equipment & Supplies
Sound Systems","All Products / Services

Audio Visual (AV) Equipment
Call Cords and Systems
Cameras
Electric Wire, Cable and Cable Assemblies


Intercoms
Sound Equipment
Telephone Systems
Telephones"
Technomedia Solutions,407-351-0909,http://www.gotechnomedia.com,"Orlando, FL 32811",Turnkey Systems Integrator,"Design and integration of audio-visual and media for the cinema industry. Preventive maintenance, installation, consulting and technology services are available.",,,$10 - 24.9 Mil,50-99  Employees,"Digital Audio Systems
Audio Equipment & Supplies


Audio Visual (AV) Equipment & Supplies","All Products / Services

Audio Visual (AV) Equipment
Conference Room Equipment
Conferencing Equipment
Displays
Integration Services


Monitoring Systems
Monitors
Restaurant Equipment
Walls"
"EPA Audio Visual, Inc.",800-362-3674,https://www.epaaudio.com/,"Rockford, MN 55373",Turnkey Systems Integrator,Design and installation of audio visual systems. Products include functional systems and media control systems.,,,$25 - 49.9 Mil,10-49  Employees,"Digital Audio Systems


Audio Visual (AV) Equipment & Supplies","All Products / Services

Audio Visual (AV) Equipment
Cameras
Controls and Controllers


Integration Services
Workstations"
"QSC Audio Products, LLC.",800-854-4079,https://www.qsc.com/,"Costa Mesa, CA 92626",Manufacturer,Amplifiers,,,$50 - 99.9 Mil,200-499  Employees,"Digital Audio Systems
Amusement Digital Audio Systems
Audio Equipment & Supplies
Audio Visual (AV) Equipment & Supplies


Sound Systems
Video Equipment & Supplies
Video Transmission Systems","All Products / Services

Amplifiers
Audio Visual (AV) Equipment


Processors"
Mixed Logic Studio Electronics,440-826-1676,https://www.mixedlogic.com/,"Valley City, OH 44280",Manufacturer,"Manufacturer of control surfaces. Products include remote controls, and digital audio systems.",,,Not Available,Not Available  Employees,"Digital Audio Systems
Audio Equipment & Supplies


Sound Systems","All Products / Services

Audio Visual (AV) Equipment


Controls and Controllers"
Cyberlan Systems Inc.,416-588-3353,http://cyberlan.ca,"Etobicoke, ON M9B2T9",Turnkey Systems Integrator,"Mnaufacturer of computer systems. Products include digital audio systems, e-commerce systems, networks, and video systems.",,,Not Available,Not Available  Employees,Digital Audio Systems,"All Products / Services

Audio Visual (AV) Equipment
Cameras
Computers


Controls and Controllers
Integration Services
Network Equipment"
"Reid Sound, Inc.",609-259-9495,https://www.reidsound.com/,"Windsor, NJ 08561",Turnkey Systems Integrator,"Design and installation of audio video equipment for commercial, corporate, residential and education sectors. Products include projectors, display systems, digital signage and audio systems.",,,Under $1 Mil,1-9  Employees,"Digital Audio Systems
Audio Equipment & Supplies


Sound Systems","All Products / Services

Audio Visual (AV) Equipment
Communication Systems
Conference Room Equipment
Displays
Installation Services


Integration Services
Music Systems
Projectors
Signs"
JBL Professional,800-397-1881,https://jblpro.com/en,"Northridge, CA 91329",Manufacturer,"Manufacturer of sound systems. Types include cinema, portable, tour, recording, broadcasting, axys, and vintage sound systems. Products include subwoofers, monitor controllers, and loudspeakers.",,,Not Available,Not Available  Employees,"Digital Audio Systems
Audio Equipment & Supplies


Sound Systems","All Products / Services

Audio Visual (AV) Equipment
Sound Equipment


Speakers"
FastVDO Inc.,,http://www.fastvdo.com,"Melbourne, FL 32940",Manufacturer,"Manufacturer of video and audio encoding devices. Various applications include defense, unmanned systems, security, streaming and consumer industries.",,,Under $1 Mil,10-49  Employees,Digital Audio Systems,"All Products / Services

Audio Visual (AV) Equipment
Converters
Data Acquisition Systems
Decoders
Digitizers


Discs
Encoders
Hardware
Players
Software"
ATS Inland NW,208-887-9696,https://atsinlandnw.com/,"Boise, ID 83713",Turnkey Systems Integrator,"Design and installation of HVAC systems. Products include fire and energy management systems, audio, security and controls systems.",,,Not Available,Not Available  Employees,"Digital Audio Systems


Audio Equipment & Supplies","All Products / Services

Audio Visual (AV) Equipment
Controls and Controllers
Heaters
HVAC Equipment


Integration Services
Management Systems
Security Systems"
"Sonica Audio Labs, LLC.",888-776-3294,https://www.adkproaudio.com/,"Alexandria, KY 41001",Manufacturer,Mfr of high performance computer systems optimized for the professional audio industry.,,,Not Available,Not Available  Employees,Digital Audio Systems,"All Products / Services

Audio Visual (AV) Equipment"
Optoma USA,888-289-6786,https://www.optomausa.com/,"Fremont, CA 94539",Manufacturer,"Manufacturer of audiovisual equipment. Products include projectors, speaker systems and earphones. Serving the commercial, educational, religious and large entertainment venue markets.",,,Not Available,Not Available  Employees,"Digital Audio Systems
Audio Equipment & Supplies


Audio Visual (AV) Equipment & Supplies
Video Equipment & Supplies","All Products / Services

Audio Visual (AV) Equipment
Headphones


Projectors
Speakers"
Lightspeed,800-732-8999,https://www.lightspeed-tek.com,"Tualatin, OR 97062",Manufacturer,"Manufacturer of classroom audio video systems. Offers speaker, microphone, audio video, and portable audio systems, as well as apps, components, and accessories.",,,Not Available,Not Available  Employees,"Digital Audio Systems


Audio Visual (AV) Equipment & Supplies","All Products / Services

Audio Visual (AV) Equipment
Recorders


Software"
Apogee Electronics,310-584-9394,https://apogeedigital.com/,"Santa Monica, CA 90404",Manufacturer,"Manufacturer of audio devices. Various products include interface, digital clocks, control centers, microphones and converters.",,,$5 - 9.9 Mil,10-49  Employees,"Digital Audio Systems


Audio Equipment & Supplies","All Products / Services

Audio Visual (AV) Equipment
Clocks
Controls and Controllers
Interfaces


Microphones
Power Supplies
Software"
"AVFX, Inc.",888-254-0770,https://www.avfx.com/,"Boston, MA 02135",Service Company,"Provide rental service for audio and video equipment. Products include projectors, speakers, touchscreens, audio mixers, microphones, loudspeaker, woofers, display, led, camera, and panels.",,www.linkedin.com/company/891522,Not Available,Not Available  Employees,"Digital Audio Systems
Audio Equipment & Supplies
Audio Visual (AV) Equipment & Supplies


Sound Systems
Video Equipment & Supplies","All Products / Services

Audio Visual (AV) Equipment
Cameras
Computers
Displays
Lights
Microphones
Mixers
Panels


Processors
Projectors
Screens
Sound Equipment
Speakers
Switchers
Walls"
VisiSonics Corporation,301-332-2507,https://www.visisonics.com/,"College Park, MD 20742",Manufacturer,"Manufacturer of audio and video cameras, audio equipment, and microphones. Applications include airport noise, building acoustics, noise source identification, occupational health, music, and movies",,,Not Available,Not Available  Employees,"Digital Audio Systems
Audio Equipment & Supplies


Audio Visual (AV) Equipment & Supplies
Video Equipment & Supplies","All Products / Services

Audio Visual (AV) Equipment
Cameras


Microphones
Modules"
TVinstallation,713-858-4108,https://tvinstallationhouston.com/,"Houston, TX 77002",Turnkey Systems Integrator,"Designer and installer of theater systems. Products include televisions, speakers, HDMI cables and A/V equipment mounts.",,,Not Available,Not Available  Employees,"Digital Audio Systems
Audio Equipment & Supplies
Audio Visual (AV) Equipment & Supplies


Sound Systems
Wireless Audio Products","All Products / Services

Audio Visual (AV) Equipment
Electric Wire, Cable and Cable Assemblies
Electrical Equipment
Home Theater Systems
Integration Services


Mounts
Sound Equipment
Speakers
Televisions"
Photosonix,800-258-2566,http://www.photosonix.com/,"Long Beach, CA 90809",Manufacturer,"Manufacturer of embedded microprocessor systems to generate sensory rhythms for mental fitness. Products include digital audio visual systems, eyewear/glasses, headsets/headphones, expanders, and accessories.",,,Under $1 Mil,1-9  Employees,Digital Audio Systems,"All Products / Services

Audio Visual (AV) Equipment
Cases
Cord and Cordage
Eyeglasses


Headphones
Headsets
Microphones"
Exogal Audio LLC,651-964-0698,http://www.exogal.com,"Eagan, MN 55122",Manufacturer,"Manufacturer of audiophile systems for audio industry. Products include comet computers DAC, digital preamplifiers and console remote controls.",,,Not Available,Not Available  Employees,Digital Audio Systems,"All Products / Services

Amplifiers
Audio Visual (AV) Equipment
Consoles


Controls and Controllers
Converters"
Proficient Audio,800-472-5555,https://proficientaudio.com/,"Carlsbad, CA 92008",Manufacturer,"Manufacturer of digital wireless audio systems for outdoor applications. Products include home theater and surround sound speakers, subwoofers, sound controllers, receivers and audio amplifiers.",,,Not Available,Not Available  Employees,"Digital Audio Systems


Sound Systems","All Products / Services

Amplifiers
Audio Visual (AV) Equipment


Receivers
Speakers"
"Spectrum Sound, Inc.",615-391-3700,http://spectrumsound.net/,"Nashville, TN 37210",Turnkey Systems Integrator,"Design and installation of audio systems for arenas, concert halls, stadiums and houses of worship. Products include video systems and speakers.",,,$5 - 9.9 Mil,10-49  Employees,"Digital Audio Systems
Audio Equipment & Supplies


Audio Visual (AV) Equipment & Supplies","All Products / Services

Audio Visual (AV) Equipment
Installation Services


Integration Services
Speakers"
Movie Time,,HTTP://WWW.MOVIETIMEPRO.COM,"Corona, CA 92880",Turnkey Systems Integrator,"Turnkey systems integrator of audio and video systems. Products include digital projection, automation and control systems, automated lighting and audio systems.",,,Under $1 Mil,1-9  Employees,"Digital Audio Systems


Audio Visual (AV) Equipment & Supplies","All Products / Services

Audio Visual (AV) Equipment
Integration Services


Lights
Projectors"
"CJ Component Products, LLC",877-345-8161,http://www.cjcomponents.com,"Oakdale, NY 11769",Manufacturer,"ISO 9001:2000 certified manufacturer of military equipment & supplies. Products include antennas, handsets, headsets, loudspeakers, panels, microphones, field telephones, helmets, cable assemblies, wires, communication consoles, switches, radio sets, masts, markers, helicopter parts & accessories, locomotive parts, telephone generators, controls & cords. Communication systems, digital audio systems & encryption systems are available. Contract manufacturing services are available for automotive & electromechanical assemblies & plastic molds. Capabilities include injection molding & co-development & production. Products are suitable for military applications.","CJ has years of experience in the manufacturing and logistical service of military electronics and communication equipment. After producing the components for the AN/VIC-1 vehicle intercom system in the 1980s, it seemed like a normal progression to supply the cabling and audio products associated with military vehicular communication systems. Today, we have complete product lines of handsets, headsets, microphones and speakers, as well as cable assemblies and cabling products and our original product line of communication systems that made us the quality company we are today.

CJ maintains production facilities just outside of Ft. Wayne, Indiana, while having offices just east of New York City. We maintain co-operation agreements with our tool and die /injection molding partners in Ft. Wayne. Most of the support or sub-contract facilities used by CJ are located within driving distance of our production facility or offices. This gives us the ability to take care of our own tooling for the More... components we manufacture. We also maintain extensive inventories on the systems we support. All of this enables us to perform at a high level of productivity and on-time performance.

 CJ supports the standard range of tactical audio components. Our specialty, however, comes in the form of engineering our product line to meet your specification needs for your radio system. Products are upgraded, new technologies are added and new products are developed. Examples of this are our newest line of handsets with crypto capability as well as a complete range of handsets and headsets with electret microphones. CJ has a state-of-the-art modern production facility for our audio products. The microphone and earphone elements as well as the PTT switch assemblies are completely manufactured in-house. Latest audio end electrical test equipment is used and each product on average is tested up to four times during assembly. Services not done in-house, such as tool & die and injection molding, are performed locally with partners. All this gives us the ability to control the quality standards we strive for and the on-time delivery the customer demands. In March of 2001, CJ Components completed setting up its quality control systems and procedures to meet the specifications of ISO9001/2000. In June of 2001, we were audited and became a certified and registered ISO 9001/2000 firm. Less",,$1 - 4.9 Mil,10-49  Employees,"Digital Audio Systems
Audio Equipment & Supplies


Audio Visual (AV) Equipment & Supplies","All Products / Services

Adapters
Aircraft Parts
Alarms
Antennas
Assemblies
Audio Visual (AV) Equipment
Bases
Boards
Booms
Clamps
Communication Systems
Connectors
Consoles


Consulting Services
Controls and Controllers
Diaphragms
Dies
Disaster Preparedness Supplies
Displays
Distribution Systems
Electric Wire, Cable and Cable Assemblies
Electrical Equipment
Electronic Components
Electronics
Encryption Systems
Fire Fighting Electronics

View all products / services offered"
XMicro,866-293-2872,http://www.xmicro.com,"Beverly Hills, CA 90212",Manufacturer,"Manufacturer & distributor of networking & wireless products including storage card products. Retail distributor of  cameras, phones & digital devices. Technology services",,,Not Available,Not Available  Employees,"Digital Audio Systems


Wireless Audio Products","All Products / Services

Adapters
Audio Visual (AV) Equipment
Cameras
Communication Systems
Modems


Players
Scanners / Readers
Technology Services
Telephones"
"Linear Power, Inc.",601-932-8477,http://linearpower.com,"Pearl, MS 39208",Manufacturer,"Manufacturer of audio equipment for automotive industry applications. Products include amplifiers, speakers, subwoofers, and processors.",,,Not Available,Not Available  Employees,"Digital Audio Systems
Audio Equipment & Supplies


Sound Systems","All Products / Services

Amplifiers
Audio Visual (AV) Equipment
Processors


Sound Equipment
Speakers"
SpeakerCraft,951-787-0543,https://www.speakercraft.com/,"Petaluma, CA 94954",Manufacturer,"Manufacturer of audio equipment for residential, commercial, and industrial sectors. Products include speakers, subwoofers, amplifiers, and control systems.",,,Not Available,Not Available  Employees,"Digital Audio Systems
Audio Equipment & Supplies


Sound Systems","All Products / Services

Amplifiers
Audio Visual (AV) Equipment


Controls and Controllers
Speakers"
Simphonics Incorporated,813-623-9917,Http://www.simphonics.com,"Tampa, FL 33619",Manufacturer,Manufacturer Of Digital Audio Systems For High Performance Military & Commercial Flight Simulators.,,,Under $1 Mil,1-9  Employees,Digital Audio Systems,"All Products / Services

Audio Visual (AV) Equipment"
"Monte Bros. Sound Systems, Inc.",914-693-2600,https://www.montebros.com/,"Dobbs Ferry, NY 10522",Turnkey Systems Integrator,"Design, build and installation of sound systems. Markets served include studios, commercial, public and government sector.",,,Not Available,Not Available  Employees,"Digital Audio Systems
Audio Equipment & Supplies
Audio Visual (AV) Equipment & Supplies


Sound Systems
Wireless Audio Products","All Products / Services

Audio Visual (AV) Equipment
Integration Services


Sound Equipment"
Braven,877-927-2836,http://www.braven.com/,"Irvine, CA 92618",Manufacturer,"Manufacturer of wireless Bluetooth speakers. Products include audio systems, decks, solar panels, mounts, mixing consoles and battery packs.",,,Not Available,Not Available  Employees,Digital Audio Systems,"All Products / Services

Audio Visual (AV) Equipment
Batteries
Consoles
Decks


Mounts
Panels
Plates
Speakers"
4KAV,775-354-8885,http://www.4kav.com,"SPARKS, NV 89431",Turnkey Systems Integrator,"Design, build and installation of audio visual equipment. Products include control and digital audio systems.",,,Not Available,Not Available  Employees,"Digital Audio Systems
Audio Equipment & Supplies


Audio Visual (AV) Equipment & Supplies
Video Equipment & Supplies","All Products / Services

Audio Visual (AV) Equipment
Controls and Controllers


Integration Services"
"Sound Devices, LLC",608-524-0625,https://www.sounddevices.com/,"Reedsburg, WI 53959",Manufacturer,"Manufacturer of audio equipment for industrial applications. Products include recorders, mixers, and tools.",,,Not Available,Not Available  Employees,"Digital Audio Systems


Audio Equipment & Supplies","All Products / Services

Audio Visual (AV) Equipment
COVID-19 Response
Instruments
Medical Personal Protective Equipment (PPE)
Mixers


Recorders
Shielding
Sound Equipment
Tools"
Digital Installers Inc.,800-293-6223,https://digitalinstallers.com/,"Long Beach, CA 90807",Turnkey Systems Integrator,"Design and installation of home theaters. Products include television systems, security systems, outdoor systems, audio systems, universal remotes, networking and camera systems.",,,Under $1 Mil,1-9  Employees,Digital Audio Systems,"All Products / Services

Audio Visual (AV) Equipment
Cabinets
Cameras
CCTV Equipment
Furniture


Home Theater Systems
Security Systems
Speakers
Televisions"
Lifeline Amplification Systems,800-236-4327,https://lifelineaudiovideo.com/,"Platteville, WI 53818",Distributor,Designing Of Audio Amplification Systems. Using 3-D Modeling Programs To Place Loudspeakers & Optimize Sound System Design.,,,$1 - 4.9 Mil,10-49  Employees,Digital Audio Systems,"All Products / Services

Audio Visual (AV) Equipment"
Graham Audio Services,412-629-5716,,"Butler, PA 16001",Distributor,Installation Of Audio Systems. Audio Recording Services.,,,Under $1 Mil,1-9  Employees,Digital Audio Systems,"All Products / Services

Audio Visual (AV) Equipment


Recorders"
Sound Bytes. Inc.,800-835-4723,,"North Reading, MA 01864",Manufacturer,Manufactures & services multimedia management systems & provides the infrastructure for hosting two-way communications to remote receivers nationally.,,,$5 - 9.9 Mil,10-49  Employees,"Digital Audio Systems


Audio: Internet Streaming","All Products / Services

Audio Visual (AV) Equipment
Consulting Services
Fulfillment Services


Media Production Services
Software"
GLK Communications,877-978-3411,,"New Berlin, WI 53151",Manufacturer,"Manufacturer of communications equipment. Products include drive-thru communications systems, digital message greeters, wireless communications systems and headsets.",,,Under $1 Mil,1-9  Employees,Digital Audio Systems,"All Products / Services

Audio Visual (AV) Equipment
Communication Systems
Disaster Preparedness Supplies
Electric Wire, Cable and Cable Assemblies
Fire Fighting Electronics
Headsets


Hurricane Response
Posts
Radios
Speakers
Stations
Wildfire Response"
Shaffer Electronics,719-465-9304,,"Colorado Springs, CO 80906",Turnkey Systems Integrator,"Low voltage wiring & systems integrator.  Audio, video, security & other electronic systems & equipment for  home & business owners.",,,Under $1 Mil,1-9  Employees,"Digital Audio Systems


Audio Equipment & Supplies","All Products / Services

Audio Visual (AV) Equipment
Cameras
CCTV Equipment


Controls and Controllers
Intercoms"
